write_sz,ok,commit_mode,commit_ms,ds_durable_ms
2,1,SLOW_2PC,166.382074,545.750348
2,1,SLOW_2PC,166.474551,480.825660
2,1,SLOW_2PC,166.074167,667.778507
2,1,SLOW_2PC,166.247190,608.793258
2,1,SLOW_2PC,165.868795,521.680050
2,1,SLOW_2PC,165.929758,540.976118
2,1,SLOW_2PC,165.897090,625.375565
2,1,SLOW_2PC,165.830906,737.854492
2,1,SLOW_2PC,165.846567,693.281647
2,1,SLOW_2PC,165.289527,756.494015
2,1,SLOW_2PC,165.632351,814.186515
2,1,SLOW_2PC,166.445236,714.572807
2,1,SLOW_2PC,166.314852,735.620972
2,1,SLOW_2PC,165.987348,804.279971
2,1,SLOW_2PC,165.560424,951.588870
2,1,SLOW_2PC,166.430995,894.894743
2,1,SLOW_2PC,165.681346,807.033987
2,1,SLOW_2PC,165.457870,860.931305
2,1,SLOW_2PC,165.452752,1019.076954
2,1,SLOW_2PC,165.373567,940.595294
2,1,SLOW_2PC,165.752137,1008.238880
2,1,SLOW_2PC,165.357933,919.713914
2,1,SLOW_2PC,165.101261,1044.912187
2,1,SLOW_2PC,165.885870,766.419730
2,1,SLOW_2PC,165.602557,1016.537715
2,1,SLOW_2PC,165.437533,1024.578059
2,1,SLOW_2PC,165.457917,941.434138
2,1,SLOW_2PC,165.672699,975.945149
2,1,SLOW_2PC,165.828351,870.588831
2,1,SLOW_2PC,165.800006,1005.108509
2,1,SLOW_2PC,165.624804,1003.526265
2,1,SLOW_2PC,166.074470,1065.530068
2,1,SLOW_2PC,166.065000,1009.803732
2,1,SLOW_2PC,166.434992,1011.865625
2,1,SLOW_2PC,166.099865,1016.557102
2,1,SLOW_2PC,165.601268,1031.066417
2,1,SLOW_2PC,166.015349,968.894993
2,1,SLOW_2PC,165.761800,1035.453525
2,1,SLOW_2PC,166.022644,872.382485
2,1,SLOW_2PC,165.640060,924.040708
2,1,SLOW_2PC,165.826300,1001.197759
2,1,SLOW_2PC,166.163052,1019.621315
2,1,SLOW_2PC,165.853841,1010.295723
2,1,SLOW_2PC,165.789145,918.532618
2,1,SLOW_2PC,165.642936,776.285394
2,1,SLOW_2PC,166.347919,968.182036
2,1,SLOW_2PC,165.848980,977.485201
2,1,SLOW_2PC,165.887842,832.632843
2,1,SLOW_2PC,165.907349,903.653342
2,1,SLOW_2PC,165.755257,849.886071
2,1,SLOW_2PC,165.762950,1022.364394
2,1,SLOW_2PC,165.904239,981.738315
2,1,SLOW_2PC,165.585813,962.275156
2,1,SLOW_2PC,165.776741,971.997873
2,1,SLOW_2PC,166.374656,962.471303
2,1,SLOW_2PC,165.766247,881.516629
2,1,SLOW_2PC,166.463107,993.543389
2,1,SLOW_2PC,165.652860,884.119069
2,1,SLOW_2PC,165.727688,912.013362
2,1,SLOW_2PC,165.782323,949.244538
2,1,SLOW_2PC,166.261852,940.047636
2,1,SLOW_2PC,165.693666,1013.850431
2,1,SLOW_2PC,166.482850,824.161588
2,1,SLOW_2PC,165.987172,882.916165
2,1,SLOW_2PC,165.959218,948.317663
2,1,SLOW_2PC,165.693460,985.746126
2,1,SLOW_2PC,166.232710,975.185742
2,1,SLOW_2PC,165.537092,879.482116
2,1,SLOW_2PC,166.150671,900.799623
2,1,SLOW_2PC,165.710143,893.063235
2,1,SLOW_2PC,165.912537,953.961408
2,1,SLOW_2PC,165.418117,898.282418
2,1,SLOW_2PC,165.527931,839.982316
2,1,SLOW_2PC,166.120613,1006.643909
2,1,SLOW_2PC,165.417722,930.495254
2,1,SLOW_2PC,165.769092,973.430609
2,1,SLOW_2PC,165.976044,935.953429
2,1,SLOW_2PC,165.949735,1042.236742
2,1,SLOW_2PC,165.911402,1018.061878
2,1,SLOW_2PC,165.621743,921.137256
2,1,SLOW_2PC,165.969749,974.229702
2,1,SLOW_2PC,165.920918,1045.467550
2,1,SLOW_2PC,166.056791,1044.548072
2,1,SLOW_2PC,165.721104,1039.062331
2,1,SLOW_2PC,165.713996,977.001743
2,1,SLOW_2PC,165.984541,1001.486448
2,1,SLOW_2PC,166.011287,871.331512
2,1,SLOW_2PC,165.722107,846.399020
2,1,SLOW_2PC,166.305389,1008.458503
2,1,SLOW_2PC,165.554514,939.155251
2,1,SLOW_2PC,165.843533,918.629342
2,1,SLOW_2PC,165.872741,888.363699
2,1,SLOW_2PC,165.563346,998.645928
2,1,SLOW_2PC,165.811178,902.404011
2,1,SLOW_2PC,165.599552,1011.860580
2,1,SLOW_2PC,166.350946,943.277390
2,1,SLOW_2PC,165.522669,907.261409
2,1,SLOW_2PC,166.069308,1002.014924
2,1,SLOW_2PC,165.386754,872.609174
2,1,SLOW_2PC,166.522868,984.247924
2,1,SLOW_2PC,166.207046,926.171327
2,1,SLOW_2PC,165.797631,882.326284
2,1,SLOW_2PC,166.134362,917.797196
2,1,SLOW_2PC,165.769968,993.747244
2,1,SLOW_2PC,165.530304,862.744556
2,1,SLOW_2PC,165.732051,905.717769
2,1,SLOW_2PC,166.078490,967.627337
2,1,SLOW_2PC,165.713737,844.378163
2,1,SLOW_2PC,166.004416,907.982079
2,1,SLOW_2PC,165.606886,1030.154360
2,1,SLOW_2PC,165.602274,1023.100581
2,1,SLOW_2PC,165.799262,979.869681
2,1,SLOW_2PC,165.668527,1010.885716
2,1,SLOW_2PC,166.119750,1049.703833
2,1,SLOW_2PC,166.359267,912.506411
2,1,SLOW_2PC,166.209434,889.911055
2,1,SLOW_2PC,166.025139,1011.324280
2,1,SLOW_2PC,165.990060,931.709825
2,1,SLOW_2PC,165.994738,1026.035696
2,1,SLOW_2PC,165.580590,909.527362
2,1,SLOW_2PC,165.711423,924.761277
2,1,SLOW_2PC,165.910124,973.314392
2,1,SLOW_2PC,165.653679,1020.086056
2,1,SLOW_2PC,165.304953,951.923466
2,1,SLOW_2PC,165.697180,957.813296
2,1,SLOW_2PC,165.529517,992.820267
2,1,SLOW_2PC,166.234341,917.562494
2,1,SLOW_2PC,165.554120,899.575599
2,1,SLOW_2PC,165.933661,996.484016
2,1,SLOW_2PC,166.471228,925.210157
2,1,SLOW_2PC,166.005792,918.878972
2,1,SLOW_2PC,165.548683,843.888168
2,1,SLOW_2PC,165.906193,991.600504
2,1,SLOW_2PC,165.908681,798.515210
2,1,SLOW_2PC,165.923336,987.356330
2,1,SLOW_2PC,165.891679,956.305704
2,1,SLOW_2PC,165.427163,962.253384
2,1,SLOW_2PC,165.369596,959.557983
2,1,SLOW_2PC,165.766641,1041.142650
2,1,SLOW_2PC,165.732497,1047.082792
2,1,SLOW_2PC,165.430596,1010.312919
2,1,SLOW_2PC,165.585918,1044.866292
2,1,SLOW_2PC,166.581524,988.010328
2,1,SLOW_2PC,165.359059,854.842301
2,1,SLOW_2PC,165.344975,958.853024
2,1,SLOW_2PC,165.931559,928.541431
2,1,SLOW_2PC,165.446731,990.918361
2,1,SLOW_2PC,166.045159,1053.015808
2,1,SLOW_2PC,166.037316,1044.715503
2,1,SLOW_2PC,165.686310,998.111385
2,1,SLOW_2PC,165.773671,920.097974
2,1,SLOW_2PC,166.183142,996.654143
2,1,SLOW_2PC,166.037351,918.375928
2,1,SLOW_2PC,165.317340,909.331479
2,1,SLOW_2PC,165.541999,1001.568330
2,1,SLOW_2PC,165.312954,941.690038
2,1,SLOW_2PC,165.983109,1011.610744
2,1,SLOW_2PC,166.111160,966.578591
2,1,SLOW_2PC,166.410272,918.826407
2,1,SLOW_2PC,165.483411,968.688882
2,1,SLOW_2PC,166.264287,996.251068
2,1,SLOW_2PC,165.638589,875.500253
2,1,SLOW_2PC,165.752093,976.739566
2,1,SLOW_2PC,165.550675,923.070632
2,1,SLOW_2PC,165.837213,860.913657
2,1,SLOW_2PC,165.492777,899.766924
2,1,SLOW_2PC,166.084917,1015.100815
2,1,SLOW_2PC,165.581577,1036.750551
2,1,SLOW_2PC,165.635371,981.838136
2,1,SLOW_2PC,165.801563,910.656919
2,1,SLOW_2PC,166.236314,1053.120137
2,1,SLOW_2PC,165.885552,973.142505
2,1,SLOW_2PC,165.442122,963.623616
2,1,SLOW_2PC,166.510762,899.312330
2,1,SLOW_2PC,165.691925,945.568634
2,1,SLOW_2PC,165.836770,991.873981
2,1,SLOW_2PC,165.451788,1031.591093
2,1,SLOW_2PC,165.350010,916.808317
2,1,SLOW_2PC,166.020128,911.179272
2,1,SLOW_2PC,165.755118,976.131724
2,1,SLOW_2PC,165.505933,1005.185423
2,1,SLOW_2PC,165.525424,886.674776
2,1,SLOW_2PC,165.726388,985.229400
2,1,SLOW_2PC,165.890720,935.628236
2,1,SLOW_2PC,165.432772,979.119781
2,1,SLOW_2PC,165.482632,915.450231
2,1,SLOW_2PC,165.585364,923.055430
2,1,SLOW_2PC,165.771418,989.182417
2,1,SLOW_2PC,165.511153,976.436855
2,1,SLOW_2PC,165.688120,857.758119
2,1,SLOW_2PC,165.914595,1021.896229
2,1,SLOW_2PC,165.775516,1025.123730
2,1,SLOW_2PC,166.043122,956.071042
2,1,SLOW_2PC,165.451340,996.259511
2,1,SLOW_2PC,165.703966,1053.531874
2,1,SLOW_2PC,165.727021,961.346337
2,1,SLOW_2PC,165.540033,995.210327
2,1,SLOW_2PC,165.446189,946.837900
2,1,SLOW_2PC,165.563443,1030.459826
2,1,SLOW_2PC,165.513865,953.354821
2,1,SLOW_2PC,165.603987,996.936461
2,1,SLOW_2PC,165.530955,1026.893885
2,1,SLOW_2PC,165.548725,1038.553339
2,1,SLOW_2PC,165.671716,960.871680
2,1,SLOW_2PC,165.794791,1039.038300
2,1,SLOW_2PC,165.643881,1017.271207
2,1,SLOW_2PC,165.776772,897.161831
2,1,SLOW_2PC,165.398144,952.374169
2,1,SLOW_2PC,165.642979,965.651892
2,1,SLOW_2PC,165.376868,1020.867438
2,1,SLOW_2PC,166.012513,1030.167920
2,1,SLOW_2PC,165.655014,1019.445385
2,1,SLOW_2PC,165.412851,1014.032281
2,1,SLOW_2PC,165.884594,993.308638
2,1,SLOW_2PC,166.302810,1012.192553
2,1,SLOW_2PC,165.362696,934.985455
2,1,SLOW_2PC,165.309945,931.751136
2,1,SLOW_2PC,165.902682,951.979698
2,1,SLOW_2PC,165.426243,981.011332
2,1,SLOW_2PC,165.731016,909.287923
2,1,SLOW_2PC,165.477854,991.255270
2,1,SLOW_2PC,165.480980,926.194548
2,1,SLOW_2PC,165.509523,991.775425
2,1,SLOW_2PC,165.528431,1050.884974
2,1,SLOW_2PC,166.100489,1000.129986
2,1,SLOW_2PC,165.573280,940.868618
2,1,SLOW_2PC,165.541510,1037.606679
2,1,SLOW_2PC,165.237149,843.875495
2,1,SLOW_2PC,165.545368,964.867580
2,1,SLOW_2PC,165.565335,899.768066
2,1,SLOW_2PC,165.302668,1023.396901
2,1,SLOW_2PC,165.679128,1009.165340
2,1,SLOW_2PC,165.377566,989.839669
2,1,SLOW_2PC,165.868685,1051.788481
2,1,SLOW_2PC,165.303188,910.832466
2,1,SLOW_2PC,165.528730,1006.286603
2,1,SLOW_2PC,165.567788,926.819242
2,1,SLOW_2PC,165.528864,914.582092
2,1,SLOW_2PC,165.475536,1030.993483
2,1,SLOW_2PC,165.543476,861.262336
2,1,SLOW_2PC,165.909312,887.838276
2,1,SLOW_2PC,165.701471,967.014214
2,1,SLOW_2PC,167.216090,955.981022
2,1,SLOW_2PC,165.731635,932.326008
2,1,SLOW_2PC,165.558094,1013.079331
2,1,SLOW_2PC,165.631117,895.347701
2,1,SLOW_2PC,165.375435,900.754963
2,1,SLOW_2PC,165.551411,956.220742
2,1,SLOW_2PC,165.359658,947.547657
2,1,SLOW_2PC,165.866478,1016.209588
2,1,SLOW_2PC,165.870521,969.553697
2,1,SLOW_2PC,165.201563,1010.891545
2,1,SLOW_2PC,165.617483,971.411395
2,1,SLOW_2PC,165.370806,1032.626980
2,1,SLOW_2PC,165.552543,1044.998095
2,1,SLOW_2PC,165.420488,970.052877
2,1,SLOW_2PC,165.411613,1013.827137
2,1,SLOW_2PC,165.331991,921.199035
2,1,SLOW_2PC,165.533105,952.497350
2,1,SLOW_2PC,165.700794,1005.066649
2,1,SLOW_2PC,165.398385,968.658610
2,1,SLOW_2PC,165.945867,952.199236
2,1,SLOW_2PC,166.004376,963.686224
2,1,SLOW_2PC,165.616542,857.968269
2,1,SLOW_2PC,165.336944,912.074127
2,1,SLOW_2PC,165.579965,995.995890
2,1,SLOW_2PC,165.442557,976.691160
2,1,SLOW_2PC,165.340736,1045.162204
2,1,SLOW_2PC,165.437462,939.982718
2,1,SLOW_2PC,165.722795,966.808125
2,1,SLOW_2PC,166.677289,957.643657
2,1,SLOW_2PC,165.334617,834.814146
2,1,SLOW_2PC,165.337190,904.854272
2,1,SLOW_2PC,165.710384,992.297255
2,1,SLOW_2PC,165.525652,924.965430
2,1,SLOW_2PC,165.430899,906.034630
2,1,SLOW_2PC,165.377570,1001.779585
2,1,SLOW_2PC,165.439282,922.476520
2,1,SLOW_2PC,166.069727,981.189502
2,1,SLOW_2PC,165.871780,946.101308
2,1,SLOW_2PC,165.587530,919.059707
2,1,SLOW_2PC,166.018940,953.130204
2,1,SLOW_2PC,165.544814,939.534016
2,1,SLOW_2PC,165.706707,867.276613
2,1,SLOW_2PC,166.513729,955.707573
2,1,SLOW_2PC,165.582490,1003.440261
2,1,SLOW_2PC,165.743830,1043.028804
2,1,SLOW_2PC,165.421443,945.887282
2,1,SLOW_2PC,165.659849,1045.070210
2,1,SLOW_2PC,165.802435,989.340073
2,1,SLOW_2PC,165.477152,1031.761271
2,1,SLOW_2PC,165.638307,909.172151
2,1,SLOW_2PC,165.555229,833.074142
2,1,SLOW_2PC,165.663929,958.148011
2,1,SLOW_2PC,165.576706,905.503942
2,1,SLOW_2PC,165.467946,947.569914
2,1,SLOW_2PC,165.364010,930.048965
2,1,SLOW_2PC,165.564533,1008.056449
2,1,SLOW_2PC,165.723858,883.057550
2,1,SLOW_2PC,165.806844,1016.577479
2,1,SLOW_2PC,166.088935,805.714275
2,1,SLOW_2PC,166.262905,943.538335
2,1,SLOW_2PC,165.802931,957.583325
2,1,SLOW_2PC,165.824826,978.304680
2,1,SLOW_2PC,165.413412,890.710728
2,1,SLOW_2PC,165.835012,925.431014
2,1,SLOW_2PC,165.466128,930.141563
2,1,SLOW_2PC,165.794987,925.627054
2,1,SLOW_2PC,165.930937,1045.052517
2,1,SLOW_2PC,165.611181,1006.731601
2,1,SLOW_2PC,165.919174,949.819118
2,1,SLOW_2PC,166.104524,1007.672441
2,1,SLOW_2PC,165.681422,1012.490899
2,1,SLOW_2PC,165.529793,923.584115
2,1,SLOW_2PC,165.660576,912.585851
2,1,SLOW_2PC,165.703641,840.499685
2,1,SLOW_2PC,165.787571,957.251226
2,1,SLOW_2PC,165.796278,982.288501
2,1,SLOW_2PC,165.899354,976.291052
2,1,SLOW_2PC,166.042814,830.268134
2,1,SLOW_2PC,166.032849,955.446996
2,1,SLOW_2PC,165.400390,899.113981
2,1,SLOW_2PC,165.110404,947.974489
2,1,SLOW_2PC,165.231024,943.736364
2,1,SLOW_2PC,165.481884,994.073602
2,1,SLOW_2PC,165.640961,1000.104492
2,1,SLOW_2PC,165.627763,1002.850721
2,1,SLOW_2PC,165.329372,996.005899
2,1,SLOW_2PC,165.432838,972.867896
2,1,SLOW_2PC,165.890136,1045.943968
2,1,SLOW_2PC,166.214262,956.511761
2,1,SLOW_2PC,165.825805,978.686186
2,1,SLOW_2PC,166.164356,993.319450
2,1,SLOW_2PC,165.430096,1015.458204
2,1,SLOW_2PC,165.772359,981.108223
2,1,SLOW_2PC,165.394337,861.540618
2,1,SLOW_2PC,166.005122,1017.582096
2,1,SLOW_2PC,165.401571,920.129003
2,1,SLOW_2PC,166.041929,917.306609
2,1,SLOW_2PC,165.476447,866.298725
2,1,SLOW_2PC,166.215612,980.670800
2,1,SLOW_2PC,165.450386,1026.641029
2,1,SLOW_2PC,165.281902,1052.194068
2,1,SLOW_2PC,165.739485,1026.154065
2,1,SLOW_2PC,165.293198,973.559649
2,1,SLOW_2PC,165.336699,985.252192
2,1,SLOW_2PC,165.508307,1046.412540
2,1,SLOW_2PC,165.440338,941.906515
2,1,SLOW_2PC,165.511644,1024.005442
2,1,SLOW_2PC,165.145643,1017.410673
2,1,SLOW_2PC,165.652884,986.255952
2,1,SLOW_2PC,165.471696,906.634177
2,1,SLOW_2PC,165.990775,944.216891
2,1,SLOW_2PC,165.641190,969.243045
2,1,SLOW_2PC,166.022674,1038.261052
2,1,SLOW_2PC,165.840595,1009.412329
2,1,SLOW_2PC,165.678260,994.261564
2,1,SLOW_2PC,165.731607,733.303143
2,1,SLOW_2PC,165.895404,948.890756
2,1,SLOW_2PC,166.098564,884.730826
2,1,SLOW_2PC,165.704787,909.401584
2,1,SLOW_2PC,165.767472,813.976675
2,1,SLOW_2PC,165.507441,952.345226
2,1,SLOW_2PC,165.740279,906.409308
2,1,SLOW_2PC,166.345305,1007.151562
2,1,SLOW_2PC,165.809694,906.998832
2,0,SLOW_2PC,82.776262,inf
2,1,SLOW_2PC,165.485848,952.445559
2,1,SLOW_2PC,165.738390,1039.762667
2,1,SLOW_2PC,165.593289,989.922952
2,1,SLOW_2PC,165.345651,997.013324
2,1,SLOW_2PC,166.084976,1015.591191
2,1,SLOW_2PC,165.875938,956.549870
2,1,SLOW_2PC,165.686306,832.517052
2,1,SLOW_2PC,165.752471,911.185343
2,1,SLOW_2PC,166.353058,909.094726
2,1,SLOW_2PC,166.121284,917.343968
2,1,SLOW_2PC,165.690088,894.072966
2,1,SLOW_2PC,165.843060,979.117211
2,1,SLOW_2PC,165.558996,969.589471
2,1,SLOW_2PC,165.588178,1046.508035
2,1,SLOW_2PC,166.843004,868.153088
2,1,SLOW_2PC,165.608352,1005.827050
2,1,SLOW_2PC,165.389328,967.536914
2,1,SLOW_2PC,165.461263,1030.031501
2,1,SLOW_2PC,165.255499,1030.737491
2,1,SLOW_2PC,165.403637,942.864929
2,1,SLOW_2PC,165.913936,1001.268605
2,1,SLOW_2PC,166.158124,955.239149
2,1,SLOW_2PC,166.381168,955.764938
2,1,SLOW_2PC,165.630816,913.013390
2,1,SLOW_2PC,165.537286,1035.031105
2,1,SLOW_2PC,165.872732,958.701791
2,1,SLOW_2PC,165.586540,936.894808
2,1,SLOW_2PC,165.704868,967.536927
2,1,SLOW_2PC,166.089904,1013.129119
2,1,SLOW_2PC,165.799127,964.471471
2,1,SLOW_2PC,165.312541,946.391718
2,1,SLOW_2PC,165.921886,882.276520
2,1,SLOW_2PC,165.820217,970.289332
2,1,SLOW_2PC,165.423422,1008.483549
2,1,SLOW_2PC,165.919789,906.106570
2,1,SLOW_2PC,165.796187,973.752272
2,1,SLOW_2PC,165.668838,926.324365
2,1,SLOW_2PC,166.174561,977.949040
2,1,SLOW_2PC,165.528422,871.793669
2,1,SLOW_2PC,165.337279,1073.421197
2,1,SLOW_2PC,165.384261,935.377760
2,1,SLOW_2PC,165.555348,1010.718132
2,1,SLOW_2PC,165.758137,1022.566722
2,1,SLOW_2PC,165.373839,1004.595660
2,1,SLOW_2PC,165.495584,1050.139884
2,1,SLOW_2PC,165.344863,977.318350
2,1,SLOW_2PC,165.553617,1051.797566
2,1,SLOW_2PC,166.652997,955.981318
2,1,SLOW_2PC,165.742939,943.431917
2,1,SLOW_2PC,166.108676,1002.667478
2,1,SLOW_2PC,165.637047,882.960977
2,1,SLOW_2PC,165.630819,913.358650
2,1,SLOW_2PC,165.681674,1020.094937
2,1,SLOW_2PC,165.556166,978.005427
2,1,SLOW_2PC,165.919751,1038.379126
2,1,SLOW_2PC,165.534396,909.342760
2,1,SLOW_2PC,165.670861,854.679564
2,1,SLOW_2PC,165.828262,911.352600
2,1,SLOW_2PC,165.789367,969.750780
2,1,SLOW_2PC,165.883024,974.948155
2,1,SLOW_2PC,165.886619,876.154104
2,1,SLOW_2PC,165.586287,952.373033
2,1,SLOW_2PC,165.666765,903.788973
2,1,SLOW_2PC,165.705597,1016.848344
2,1,SLOW_2PC,166.177186,891.145771
2,1,SLOW_2PC,165.767531,821.881937
2,1,SLOW_2PC,165.796799,966.362072
2,1,SLOW_2PC,165.378254,1001.455973
2,1,SLOW_2PC,166.334447,948.899938
2,1,SLOW_2PC,165.682958,778.878854
2,1,SLOW_2PC,165.946452,885.062053
2,1,SLOW_2PC,166.351734,983.320148
2,1,SLOW_2PC,165.957320,884.237424
2,1,SLOW_2PC,166.071646,882.689808
2,1,SLOW_2PC,166.283501,990.120585
2,1,SLOW_2PC,165.520337,938.525162
2,1,SLOW_2PC,165.614166,1016.558717
2,1,SLOW_2PC,165.351010,1045.816562
2,1,SLOW_2PC,165.625072,979.540107
2,1,SLOW_2PC,165.874957,1025.469391
2,1,SLOW_2PC,166.245134,988.304657
2,1,SLOW_2PC,165.790816,915.283423
2,1,SLOW_2PC,165.338507,898.105519
2,1,SLOW_2PC,165.633524,890.026369
2,1,SLOW_2PC,165.725662,1027.459876
2,1,SLOW_2PC,165.850287,964.615704
2,1,SLOW_2PC,165.797760,833.467793
2,1,SLOW_2PC,166.177755,909.001192
2,1,SLOW_2PC,165.720000,951.241309
2,1,SLOW_2PC,165.614314,1047.592533
2,1,SLOW_2PC,165.294466,936.976912
2,1,SLOW_2PC,165.998194,977.628165
2,1,SLOW_2PC,166.303937,975.483888
2,1,SLOW_2PC,165.646436,931.898440
2,1,SLOW_2PC,165.997452,977.597518
2,1,SLOW_2PC,166.002647,952.868334
2,1,SLOW_2PC,165.651926,899.818818
2,1,SLOW_2PC,166.033612,945.194027
2,1,SLOW_2PC,165.837004,997.477122
2,1,SLOW_2PC,165.618566,833.491724
2,1,SLOW_2PC,165.583190,987.828924
2,1,SLOW_2PC,165.494745,899.395696
2,1,SLOW_2PC,165.848530,1022.921877
2,1,SLOW_2PC,166.179411,918.992319
2,1,SLOW_2PC,165.919320,891.559124
2,1,SLOW_2PC,165.870022,878.295979
2,1,SLOW_2PC,166.202460,957.448247
2,1,SLOW_2PC,165.845584,1004.650194
2,1,SLOW_2PC,166.047731,1030.584388
2,1,SLOW_2PC,165.656396,1045.492133
2,1,SLOW_2PC,165.770670,972.105992
2,1,SLOW_2PC,165.663331,936.887171
2,1,SLOW_2PC,165.450195,1022.895922
2,1,SLOW_2PC,165.718489,884.473411
2,1,SLOW_2PC,166.272725,970.814319
2,1,SLOW_2PC,165.496600,936.112099
2,1,SLOW_2PC,165.623027,991.373122
2,1,SLOW_2PC,165.860263,920.966524
2,1,SLOW_2PC,166.258977,844.306515
2,1,SLOW_2PC,166.000613,989.299372
2,1,SLOW_2PC,165.773203,1038.770647
2,1,SLOW_2PC,166.200639,960.787967
2,1,SLOW_2PC,165.788138,917.491439
2,1,SLOW_2PC,165.645876,1003.797391
2,1,SLOW_2PC,165.745830,918.360179
2,1,SLOW_2PC,165.951553,1034.420932
2,1,SLOW_2PC,166.237997,997.766929
2,1,SLOW_2PC,165.834942,944.727740
2,1,SLOW_2PC,165.718363,964.434213
2,1,SLOW_2PC,165.280672,870.477451
2,1,SLOW_2PC,165.906626,981.689278
2,1,SLOW_2PC,165.928438,896.409202
2,1,SLOW_2PC,165.825222,738.863370
2,1,SLOW_2PC,166.111615,951.115173
2,1,SLOW_2PC,166.251290,904.958392
2,1,SLOW_2PC,166.464845,976.458349
2,1,SLOW_2PC,166.354955,947.701195
2,1,SLOW_2PC,166.704074,960.969022
2,1,SLOW_2PC,165.651399,874.236312
2,1,SLOW_2PC,166.102093,814.712444
2,1,SLOW_2PC,165.909156,995.671233
2,0,SLOW_2PC,82.943506,inf
2,1,SLOW_2PC,165.585993,921.959707
2,1,SLOW_2PC,165.681898,818.694038
2,1,SLOW_2PC,165.477475,869.502884
2,1,SLOW_2PC,165.690192,946.420644
2,1,SLOW_2PC,165.575263,1012.590234
2,1,SLOW_2PC,165.705823,996.437664
2,1,SLOW_2PC,165.722086,940.806940
2,1,SLOW_2PC,166.358497,941.619996
2,1,SLOW_2PC,166.290564,885.291524
2,1,SLOW_2PC,165.849441,999.727378
2,1,SLOW_2PC,165.843498,819.920749
2,1,SLOW_2PC,165.877085,760.672787
2,1,SLOW_2PC,165.617502,1027.583134
2,1,SLOW_2PC,166.026598,961.676383
2,1,SLOW_2PC,165.777711,918.499852
2,1,SLOW_2PC,165.673652,860.021270
2,1,SLOW_2PC,166.256331,914.508932
2,1,SLOW_2PC,165.548678,995.894827
2,1,SLOW_2PC,166.462950,920.209459
2,1,SLOW_2PC,165.714384,923.321124
2,1,SLOW_2PC,165.938848,997.787130
2,1,SLOW_2PC,165.773423,978.729450
2,1,SLOW_2PC,165.933484,931.474691
2,1,SLOW_2PC,165.725072,1049.825058
2,1,SLOW_2PC,165.497079,841.735284
2,1,SLOW_2PC,165.564847,976.459892
2,1,SLOW_2PC,165.733111,904.235886
2,1,SLOW_2PC,165.731793,944.917545
2,1,SLOW_2PC,165.489701,1015.398529
2,1,SLOW_2PC,165.796704,935.206168
2,1,SLOW_2PC,166.094583,1004.760017
2,1,SLOW_2PC,165.734939,970.357889
2,1,SLOW_2PC,166.238789,902.683848
2,1,SLOW_2PC,165.691516,843.197066
2,1,SLOW_2PC,165.691354,979.303833
2,1,SLOW_2PC,165.486633,951.764107
2,1,SLOW_2PC,165.440704,896.961572
2,1,SLOW_2PC,165.830545,993.776096
2,1,SLOW_2PC,165.264607,942.696266
2,1,SLOW_2PC,165.591390,1008.545535
2,1,SLOW_2PC,165.468510,874.769316
2,1,SLOW_2PC,166.167381,944.863107
2,1,SLOW_2PC,165.663793,879.334266
2,1,SLOW_2PC,165.678725,874.710614
2,1,SLOW_2PC,166.321498,942.422658
2,1,SLOW_2PC,165.593530,848.069687
2,1,SLOW_2PC,165.687707,994.579215
2,1,SLOW_2PC,165.583566,994.929676
2,1,SLOW_2PC,165.369485,929.504114
2,1,SLOW_2PC,165.535854,871.410207
2,1,SLOW_2PC,165.460434,1041.057604
2,1,SLOW_2PC,165.793967,973.713976
2,1,SLOW_2PC,166.037272,1023.589946
2,1,SLOW_2PC,165.875850,940.326602
2,1,SLOW_2PC,165.583754,875.825576
2,1,SLOW_2PC,165.561535,1050.220650
2,1,SLOW_2PC,165.532342,905.033372
2,1,SLOW_2PC,165.936386,952.893811
2,1,SLOW_2PC,165.386737,1018.531284
2,1,SLOW_2PC,165.284084,942.567539
2,1,SLOW_2PC,165.717671,922.235166
2,1,SLOW_2PC,165.601828,969.856773
2,1,SLOW_2PC,165.777634,1047.191046
2,1,SLOW_2PC,166.112161,952.654746
2,1,SLOW_2PC,165.514896,931.215510
2,1,SLOW_2PC,165.458021,1013.330739
2,1,SLOW_2PC,165.463699,904.819898
2,1,SLOW_2PC,165.801779,898.538392
2,1,SLOW_2PC,165.788274,789.286830
2,1,SLOW_2PC,165.497539,974.321549
2,1,SLOW_2PC,165.445958,857.409846
2,1,SLOW_2PC,165.580316,1040.307271
2,1,SLOW_2PC,165.343013,1006.588212
2,1,SLOW_2PC,165.476762,885.876284
2,1,SLOW_2PC,165.346942,958.311449
2,1,SLOW_2PC,165.463597,1007.326067
2,1,SLOW_2PC,165.931695,993.060592
2,1,SLOW_2PC,165.693105,912.918669
2,1,SLOW_2PC,165.819169,950.923428
2,1,SLOW_2PC,165.478852,995.954880
2,1,SLOW_2PC,165.927533,928.201601
2,1,SLOW_2PC,165.503854,970.703671
2,1,SLOW_2PC,165.701157,1001.150710
2,1,SLOW_2PC,165.830947,1032.816237
2,1,SLOW_2PC,165.441338,991.431962
2,1,SLOW_2PC,165.816536,1004.535273
2,1,SLOW_2PC,165.431117,928.732911
2,1,SLOW_2PC,165.737914,985.033383
2,1,SLOW_2PC,165.698097,867.489994
2,1,SLOW_2PC,165.452412,938.745527
2,1,SLOW_2PC,165.490374,941.414191
2,1,SLOW_2PC,165.989582,965.813160
2,1,SLOW_2PC,165.651242,980.910264
2,1,SLOW_2PC,165.575412,945.314629
2,1,SLOW_2PC,165.533131,991.175829
2,1,SLOW_2PC,165.579000,869.323266
2,1,SLOW_2PC,165.431279,973.976369
2,1,SLOW_2PC,165.800620,900.845242
2,1,SLOW_2PC,165.567362,1029.633983
2,1,SLOW_2PC,165.469725,1006.970368
2,1,SLOW_2PC,165.714740,886.457167
2,1,SLOW_2PC,165.557701,982.530486
2,1,SLOW_2PC,165.548079,935.205207
2,1,SLOW_2PC,165.858136,908.693668
2,1,SLOW_2PC,166.070307,929.291992
2,1,SLOW_2PC,165.995247,977.634057
2,1,SLOW_2PC,166.435037,980.584076
2,1,SLOW_2PC,165.453955,858.952188
2,1,SLOW_2PC,166.052209,988.420627
2,1,SLOW_2PC,165.582353,1034.169935
2,1,SLOW_2PC,165.425375,918.390424
2,1,SLOW_2PC,165.741801,1019.250688
2,1,SLOW_2PC,165.638694,1026.466095
2,1,SLOW_2PC,165.603384,914.462362
2,1,SLOW_2PC,165.660423,980.423148
2,1,SLOW_2PC,165.490335,881.585291
2,1,SLOW_2PC,165.377359,862.535487
2,1,SLOW_2PC,165.851895,950.882312
2,1,SLOW_2PC,165.647268,989.411530
2,1,SLOW_2PC,165.512952,996.956277
2,1,SLOW_2PC,165.232838,995.040186
2,1,SLOW_2PC,165.827691,956.978421
2,1,SLOW_2PC,165.658831,1053.102665
2,1,SLOW_2PC,166.021949,1001.797193
2,1,SLOW_2PC,165.724359,944.745259
2,1,SLOW_2PC,165.530341,842.864936
2,1,SLOW_2PC,165.499870,870.264828
2,1,SLOW_2PC,165.516209,935.602401
2,1,SLOW_2PC,165.827224,1004.664639
2,1,SLOW_2PC,165.975495,873.112704
2,1,SLOW_2PC,165.596977,913.453961
2,1,SLOW_2PC,165.366277,887.474739
2,1,SLOW_2PC,165.603705,903.446398
2,1,SLOW_2PC,165.413146,1013.611052
2,1,SLOW_2PC,165.816714,965.748579
2,1,SLOW_2PC,165.734711,849.040647
2,1,SLOW_2PC,165.752654,869.168565
2,1,SLOW_2PC,165.688589,919.703524
2,1,SLOW_2PC,165.652459,987.698221
2,1,SLOW_2PC,165.620137,986.039748
2,1,SLOW_2PC,165.700379,925.811621
2,1,SLOW_2PC,165.413480,878.000833
2,1,SLOW_2PC,165.345365,992.455700
2,1,SLOW_2PC,165.244676,887.962957
2,1,SLOW_2PC,165.508902,917.150574
2,1,SLOW_2PC,165.490875,976.118609
2,1,SLOW_2PC,165.293691,888.881647
2,1,SLOW_2PC,165.760104,905.547359
2,1,SLOW_2PC,165.639161,869.977317
2,1,SLOW_2PC,165.831183,975.117849
2,1,SLOW_2PC,165.696928,795.194523
2,1,SLOW_2PC,165.860428,950.466001
2,1,SLOW_2PC,165.678000,932.509661
2,1,SLOW_2PC,165.509557,1034.844293
2,1,SLOW_2PC,165.801758,963.044699
2,1,SLOW_2PC,165.293250,1011.125585
2,1,SLOW_2PC,165.852987,1047.586502
2,1,SLOW_2PC,166.052999,961.271517
2,1,SLOW_2PC,165.613073,1044.248321
2,1,SLOW_2PC,165.850233,897.527224
2,1,SLOW_2PC,165.304044,1027.675454
2,1,SLOW_2PC,165.575276,951.946342
2,1,SLOW_2PC,165.373943,1030.164067
2,1,SLOW_2PC,165.836232,999.644652
2,1,SLOW_2PC,165.705529,865.994733
2,1,SLOW_2PC,165.856690,941.809857
2,1,SLOW_2PC,165.661954,945.732469
2,1,SLOW_2PC,165.923903,891.001693
2,1,SLOW_2PC,165.472471,962.540408
2,1,SLOW_2PC,165.347762,871.609489
2,1,SLOW_2PC,166.552556,991.359729
2,1,SLOW_2PC,165.116458,1010.406951
2,1,SLOW_2PC,165.514656,1020.638430
2,1,SLOW_2PC,165.998312,960.113025
2,1,SLOW_2PC,165.690508,910.089170
2,1,SLOW_2PC,165.650101,876.454778
2,1,SLOW_2PC,165.626161,914.053762
2,1,SLOW_2PC,165.667415,991.750313
2,1,SLOW_2PC,165.527234,876.026941
2,1,SLOW_2PC,166.133800,905.441032
2,1,SLOW_2PC,166.145136,973.119032
2,1,SLOW_2PC,165.556151,857.802979
2,1,SLOW_2PC,165.774825,792.937664
2,1,SLOW_2PC,166.434070,956.838965
2,1,SLOW_2PC,165.485469,924.125087
2,1,SLOW_2PC,165.192908,1002.736514
2,1,SLOW_2PC,165.463413,903.606548
2,1,SLOW_2PC,165.673981,1005.975871
2,1,SLOW_2PC,165.741870,937.195815
2,1,SLOW_2PC,166.153260,928.069106
2,1,SLOW_2PC,165.381653,942.834970
2,1,SLOW_2PC,165.841269,954.876327
2,1,SLOW_2PC,165.648681,1031.858409
2,1,SLOW_2PC,165.461897,927.230181
2,1,SLOW_2PC,165.457851,1010.867128
2,1,SLOW_2PC,165.406426,1050.111543
2,1,SLOW_2PC,165.378782,1006.288773
2,1,SLOW_2PC,165.362972,992.857757
2,1,SLOW_2PC,165.444858,928.481164
2,1,SLOW_2PC,165.812922,1005.091268
2,1,SLOW_2PC,166.072112,1004.604300
2,1,SLOW_2PC,165.744864,886.066794
2,1,SLOW_2PC,165.187048,954.482077
2,1,SLOW_2PC,165.406255,1028.148730
2,1,SLOW_2PC,166.076606,960.580833
2,1,SLOW_2PC,165.427404,953.187759
2,1,SLOW_2PC,165.099586,1024.386043
2,1,SLOW_2PC,165.833557,975.320659
2,1,SLOW_2PC,165.425232,920.098625
2,1,SLOW_2PC,165.546603,969.478614
2,1,SLOW_2PC,165.654325,863.001471
2,1,SLOW_2PC,165.268526,1048.916988
2,1,SLOW_2PC,165.572451,1019.683369
2,1,SLOW_2PC,165.555443,940.140758
2,1,SLOW_2PC,165.192223,920.890168
2,1,SLOW_2PC,165.411294,972.166576
2,1,SLOW_2PC,165.615074,1002.798923
2,1,SLOW_2PC,165.395237,865.677972
2,1,SLOW_2PC,165.829439,909.383881
2,1,SLOW_2PC,165.967100,935.821287
2,1,SLOW_2PC,165.527907,925.592361
2,1,SLOW_2PC,165.610332,1029.296142
2,1,SLOW_2PC,165.331475,982.501186
2,1,SLOW_2PC,165.552651,884.447299
2,1,SLOW_2PC,165.515694,848.709283
2,1,SLOW_2PC,165.867532,979.348491
2,1,SLOW_2PC,165.797216,932.575947
2,1,SLOW_2PC,165.856904,962.990535
2,1,SLOW_2PC,165.604507,941.769765
2,1,SLOW_2PC,165.731940,981.461262
2,1,SLOW_2PC,165.528847,1052.496973
2,1,SLOW_2PC,165.723666,987.696652
2,1,SLOW_2PC,165.863570,871.508099
2,1,SLOW_2PC,165.425603,960.960403
2,1,SLOW_2PC,165.616141,888.871071
2,1,SLOW_2PC,165.921943,976.286585
2,1,SLOW_2PC,165.602009,985.357214
2,1,SLOW_2PC,165.381862,951.737141
2,1,SLOW_2PC,165.317462,972.281090
2,1,SLOW_2PC,165.685663,982.895908
2,1,SLOW_2PC,165.635259,960.450075
2,1,SLOW_2PC,166.046920,889.767153
2,1,SLOW_2PC,165.300335,948.960217
2,1,SLOW_2PC,165.673448,990.761960
2,1,SLOW_2PC,165.460453,850.415399
2,1,SLOW_2PC,165.810912,915.284316
2,1,SLOW_2PC,166.295400,803.415947
2,1,SLOW_2PC,165.772031,948.684422
2,1,SLOW_2PC,165.898946,904.628548
2,1,SLOW_2PC,165.939039,958.109634
2,1,SLOW_2PC,165.140779,1020.925665
2,1,SLOW_2PC,166.167073,981.739829
2,1,SLOW_2PC,165.628169,940.570203
2,1,SLOW_2PC,165.765455,1027.318953
2,1,SLOW_2PC,165.650206,924.106139
2,1,SLOW_2PC,165.241016,1020.644482
2,1,SLOW_2PC,165.724524,1044.939590
2,1,SLOW_2PC,165.634839,942.084340
2,1,SLOW_2PC,165.907288,969.547396
2,1,SLOW_2PC,166.076400,894.809388
2,1,SLOW_2PC,165.498941,836.132191
2,1,SLOW_2PC,165.858991,986.615112
2,1,SLOW_2PC,166.024522,926.780562
2,1,SLOW_2PC,166.287051,947.529934
2,1,SLOW_2PC,165.413934,976.234265
2,1,SLOW_2PC,165.471364,922.648812
2,1,SLOW_2PC,165.781377,987.974094
2,1,SLOW_2PC,165.704625,987.438839
2,1,SLOW_2PC,165.961546,950.366581
2,1,SLOW_2PC,165.944936,934.343814
2,1,SLOW_2PC,165.278848,897.667400
2,1,SLOW_2PC,165.454181,1010.256051
2,1,SLOW_2PC,165.511230,1005.090421
2,1,SLOW_2PC,165.820022,1023.717284
2,1,SLOW_2PC,165.464948,982.472179
2,1,SLOW_2PC,165.919254,1021.376341
2,1,SLOW_2PC,166.150492,955.200984
2,1,SLOW_2PC,165.575735,1012.313383
2,1,SLOW_2PC,166.008315,1035.391613
2,1,SLOW_2PC,165.434719,991.712573
2,1,SLOW_2PC,165.546929,945.682713
2,1,SLOW_2PC,165.152669,1023.680960
2,1,SLOW_2PC,166.106171,987.734333
2,1,SLOW_2PC,165.912444,964.614016
2,1,SLOW_2PC,165.467844,1021.933013
2,1,SLOW_2PC,165.536096,857.789998
2,1,SLOW_2PC,165.285370,904.908562
2,1,SLOW_2PC,165.637730,973.191925
2,1,SLOW_2PC,165.677124,883.581950
2,1,SLOW_2PC,165.801496,966.228326
2,1,SLOW_2PC,165.655936,898.476760
2,1,SLOW_2PC,165.608977,831.685866
2,1,SLOW_2PC,165.753556,948.383594
2,1,SLOW_2PC,166.041077,892.120292
2,1,SLOW_2PC,165.669726,986.520342
2,1,SLOW_2PC,165.292337,1011.044212
2,1,SLOW_2PC,165.883571,978.361960
2,1,SLOW_2PC,165.544329,884.597860
2,1,SLOW_2PC,165.498332,958.598802
2,1,SLOW_2PC,165.650460,874.516726
2,1,SLOW_2PC,166.011792,967.953364
2,1,SLOW_2PC,165.539755,1030.194806
2,1,SLOW_2PC,165.347640,937.721260
2,1,SLOW_2PC,165.743696,925.423105
2,1,SLOW_2PC,166.146707,992.544695
2,1,SLOW_2PC,165.425807,1035.840403
2,1,SLOW_2PC,165.756113,924.123050
2,1,SLOW_2PC,165.681259,981.782384
2,1,SLOW_2PC,165.706979,933.745903
2,1,SLOW_2PC,165.287119,988.934742
2,1,SLOW_2PC,165.752349,998.251656
2,1,SLOW_2PC,165.456481,1010.440008
2,1,SLOW_2PC,165.539815,903.746990
2,1,SLOW_2PC,165.314051,982.325710
2,1,SLOW_2PC,165.811689,861.489905
2,1,SLOW_2PC,165.299565,964.345647
2,1,SLOW_2PC,165.635381,982.381112
2,1,SLOW_2PC,165.375542,927.805208
2,1,SLOW_2PC,165.598602,1029.668997
2,1,SLOW_2PC,165.834751,990.606931
2,1,SLOW_2PC,166.045912,903.107226
2,1,SLOW_2PC,165.614548,929.106561
2,1,SLOW_2PC,165.672475,858.788237
2,1,SLOW_2PC,166.382765,1002.101624
2,1,SLOW_2PC,165.479837,1051.133557
2,1,SLOW_2PC,166.090323,968.137998
2,1,SLOW_2PC,166.165690,910.851189
2,1,SLOW_2PC,166.399187,975.711227
2,1,SLOW_2PC,165.732035,986.675924
2,1,SLOW_2PC,166.096335,900.665605
2,1,SLOW_2PC,165.794371,942.234396
2,1,SLOW_2PC,166.350501,907.410322
2,1,SLOW_2PC,165.414584,956.924277
2,1,SLOW_2PC,165.942648,1001.242509
2,1,SLOW_2PC,165.898504,883.874279
2,1,SLOW_2PC,165.736755,913.878355
2,1,SLOW_2PC,165.978735,865.729557
2,1,SLOW_2PC,165.581693,1042.910628
2,1,SLOW_2PC,165.720655,979.481936
2,1,SLOW_2PC,165.312264,1007.381563
2,1,SLOW_2PC,165.299266,923.947178
2,1,SLOW_2PC,165.531181,1048.451148
2,1,SLOW_2PC,165.368138,947.620252
2,1,SLOW_2PC,165.922804,910.113879
2,1,SLOW_2PC,165.338366,878.997236
2,1,SLOW_2PC,165.780642,987.317882
2,1,SLOW_2PC,165.408789,960.624519
2,1,SLOW_2PC,165.562993,1011.114569
2,1,SLOW_2PC,165.562957,1009.820651
2,1,SLOW_2PC,165.622681,880.797575
2,1,SLOW_2PC,165.879317,933.807242
2,1,SLOW_2PC,165.619109,896.751397
2,1,SLOW_2PC,166.258369,1033.026784
2,1,SLOW_2PC,165.814519,968.331254
2,1,SLOW_2PC,165.977056,905.765006
2,1,SLOW_2PC,165.628971,925.856415
2,1,SLOW_2PC,165.626562,984.149544
2,1,SLOW_2PC,165.332625,1049.585019
2,1,SLOW_2PC,165.394275,876.010347
2,1,SLOW_2PC,165.729932,886.293631
2,1,SLOW_2PC,165.494162,874.696259
2,1,SLOW_2PC,165.751946,978.750109
2,1,SLOW_2PC,165.543197,924.463553
2,1,SLOW_2PC,166.309192,898.213531
2,1,SLOW_2PC,165.567711,843.304233
2,1,SLOW_2PC,165.827846,974.925821
2,1,SLOW_2PC,165.427066,1024.029803
2,1,SLOW_2PC,165.612768,995.305077
2,1,SLOW_2PC,165.908845,1018.749054
2,1,SLOW_2PC,165.421895,918.031919
2,1,SLOW_2PC,165.726455,934.276479
2,1,SLOW_2PC,165.679548,923.742787
2,1,SLOW_2PC,166.189679,982.732966
2,1,SLOW_2PC,165.638188,930.715091
2,1,SLOW_2PC,165.239862,902.744127
2,1,SLOW_2PC,165.593546,913.377677
2,1,SLOW_2PC,165.972280,977.504469
2,1,SLOW_2PC,166.545166,861.386013
2,1,SLOW_2PC,165.528450,955.037741
2,1,SLOW_2PC,165.596779,1041.766932
2,1,SLOW_2PC,165.836736,972.634216
2,1,SLOW_2PC,165.733514,1051.401276
2,1,SLOW_2PC,165.546878,1022.581243
2,1,SLOW_2PC,165.921446,808.455051
2,1,SLOW_2PC,165.691078,885.940662
2,1,SLOW_2PC,165.570837,1027.016780
2,1,SLOW_2PC,165.507635,957.616268
2,1,SLOW_2PC,165.647809,869.768081
2,1,SLOW_2PC,165.631754,1001.715785
2,1,SLOW_2PC,165.369425,984.435193
2,1,SLOW_2PC,165.696116,934.736299
2,1,SLOW_2PC,165.817375,755.183752
2,1,SLOW_2PC,165.322610,1016.561096
2,1,SLOW_2PC,165.482236,1026.443564
2,1,SLOW_2PC,165.438811,996.082654
2,0,SLOW_2PC,82.789713,inf
2,1,SLOW_2PC,165.410671,751.329623
2,1,SLOW_2PC,166.001367,876.509973
2,1,SLOW_2PC,165.518667,944.065586
2,1,SLOW_2PC,165.978957,806.194884
2,1,SLOW_2PC,165.840354,893.884737
2,1,SLOW_2PC,165.597620,835.498680
2,1,SLOW_2PC,165.453500,900.754519
2,1,SLOW_2PC,165.799465,966.328745
2,1,SLOW_2PC,165.470631,948.926867
2,1,SLOW_2PC,165.862944,956.789690
2,1,SLOW_2PC,165.906308,911.060455
2,1,SLOW_2PC,165.904277,977.585426
2,1,SLOW_2PC,166.305827,801.705524
2,1,SLOW_2PC,165.008656,945.048287
2,1,SLOW_2PC,165.151829,975.545251
2,1,SLOW_2PC,165.507759,881.216384
2,1,SLOW_2PC,165.950757,880.616655
2,1,SLOW_2PC,166.176625,907.407503
2,1,SLOW_2PC,166.226585,978.293102
2,1,SLOW_2PC,165.890905,857.775067
2,1,SLOW_2PC,165.409755,1008.925735
2,1,SLOW_2PC,165.696002,864.800978
2,1,SLOW_2PC,165.412612,976.954849
2,1,SLOW_2PC,165.634961,927.388614
2,1,SLOW_2PC,165.572339,1006.675991
2,1,SLOW_2PC,165.613739,843.179732
2,1,SLOW_2PC,165.637913,947.166891
2,1,SLOW_2PC,165.832931,913.860476
2,1,SLOW_2PC,165.562353,952.724950
2,1,SLOW_2PC,165.641640,926.839908
2,1,SLOW_2PC,165.980825,988.023538
2,1,SLOW_2PC,165.948074,1035.338547
2,1,SLOW_2PC,165.463186,939.377078
2,1,SLOW_2PC,165.810358,959.482585
2,1,SLOW_2PC,165.316105,1052.186790
2,1,SLOW_2PC,165.757562,1020.450757
2,1,SLOW_2PC,165.796881,994.356556
2,1,SLOW_2PC,165.389464,926.861015
2,1,SLOW_2PC,165.592593,915.077552
2,1,SLOW_2PC,165.536712,934.996777
2,1,SLOW_2PC,165.236647,826.990632
2,1,SLOW_2PC,165.406385,852.845835
2,1,SLOW_2PC,165.597818,982.705693
2,1,SLOW_2PC,165.865991,931.583283
2,1,SLOW_2PC,165.262219,1000.825389
2,1,SLOW_2PC,165.376483,1049.118836
2,1,SLOW_2PC,165.675877,933.873025
2,1,SLOW_2PC,165.889702,875.644498
2,1,SLOW_2PC,165.957338,919.713433
2,1,SLOW_2PC,165.469528,975.424220
2,1,SLOW_2PC,165.623346,902.561182
2,1,SLOW_2PC,165.472351,1026.207704
2,1,SLOW_2PC,166.610630,964.287153
2,1,SLOW_2PC,166.535194,1022.716482
2,1,SLOW_2PC,166.086122,918.310120
2,1,SLOW_2PC,165.769612,1012.155496
2,1,SLOW_2PC,166.553045,942.406447
2,1,SLOW_2PC,165.871730,1008.723845
2,1,SLOW_2PC,165.989575,811.323328
2,1,SLOW_2PC,165.691002,887.631068
2,1,SLOW_2PC,165.892202,1052.995136
2,1,SLOW_2PC,165.879834,1007.989724
2,1,SLOW_2PC,165.469045,979.749891
2,1,SLOW_2PC,166.013218,969.821056
2,1,SLOW_2PC,165.749905,976.636148
2,1,SLOW_2PC,166.348520,1019.710134
2,1,SLOW_2PC,165.913481,920.901212
2,1,SLOW_2PC,165.458394,888.106555
2,1,SLOW_2PC,165.462107,899.073806
2,1,SLOW_2PC,165.408168,1013.046773
2,1,SLOW_2PC,165.262466,1046.132947
2,1,SLOW_2PC,165.352801,944.364522
2,1,SLOW_2PC,165.909950,995.272878
2,1,SLOW_2PC,165.556374,1008.461569
2,1,SLOW_2PC,165.794994,937.309508
2,1,SLOW_2PC,166.763694,874.491256
2,1,SLOW_2PC,166.110002,1010.499356
2,1,SLOW_2PC,165.739209,914.713409
2,1,SLOW_2PC,165.638994,934.154260
2,1,SLOW_2PC,165.539484,864.480629
2,1,SLOW_2PC,166.079061,972.406093
2,1,SLOW_2PC,165.751380,1002.974472
2,1,SLOW_2PC,165.925879,956.311635
2,1,SLOW_2PC,165.704422,884.663195
2,1,SLOW_2PC,165.776807,982.187134
2,1,SLOW_2PC,165.648403,899.606854
2,1,SLOW_2PC,165.453482,971.936760
2,1,SLOW_2PC,165.524574,939.566960
2,1,SLOW_2PC,165.494858,1018.511083
2,1,SLOW_2PC,165.733215,1028.269122
2,1,SLOW_2PC,165.281211,964.577905
2,1,SLOW_2PC,165.614205,944.340585
2,1,SLOW_2PC,165.314030,1232.358926
2,1,SLOW_2PC,165.442706,1171.989697
2,1,SLOW_2PC,165.151962,1225.448968
3,1,SLOW_2PC,341.652192,633.877790
3,1,SLOW_2PC,340.309237,826.061448
3,1,SLOW_2PC,341.208535,841.568082
3,1,SLOW_2PC,341.032302,790.163706
3,1,SLOW_2PC,340.717615,746.087613
3,1,SLOW_2PC,340.721212,721.579656
3,1,SLOW_2PC,340.631545,900.469894
3,1,SLOW_2PC,341.005677,868.535093
3,1,SLOW_2PC,340.505656,809.097986
3,1,SLOW_2PC,340.900573,944.872190
3,1,SLOW_2PC,340.405223,934.313619
3,1,SLOW_2PC,340.631626,878.389180
3,1,SLOW_2PC,340.749426,977.357975
3,1,SLOW_2PC,341.443567,1042.633689
3,1,SLOW_2PC,340.903468,1064.559312
3,1,SLOW_2PC,340.547575,1043.022486
3,1,SLOW_2PC,341.077590,1044.416577
3,1,SLOW_2PC,341.224713,836.825845
3,1,SLOW_2PC,341.062551,908.532555
3,1,SLOW_2PC,340.962435,972.512968
3,1,SLOW_2PC,341.028038,898.276789
3,1,SLOW_2PC,341.123523,918.208321
3,1,SLOW_2PC,340.652061,978.817367
3,1,SLOW_2PC,340.804495,848.053836
3,1,SLOW_2PC,341.197316,906.795542
3,1,SLOW_2PC,341.231820,982.802176
3,1,SLOW_2PC,340.700900,911.293712
3,1,SLOW_2PC,340.311867,875.452545
3,1,SLOW_2PC,340.834534,977.432202
3,1,SLOW_2PC,340.629429,1033.452534
3,1,SLOW_2PC,341.676847,1020.459775
3,1,SLOW_2PC,340.660858,1052.144091
3,1,SLOW_2PC,341.411783,761.821073
3,1,SLOW_2PC,340.786691,985.574612
3,1,SLOW_2PC,341.839468,956.282678
3,1,SLOW_2PC,341.501591,910.394845
3,1,SLOW_2PC,341.631746,956.669551
3,1,SLOW_2PC,340.898599,838.764447
3,1,SLOW_2PC,341.018679,979.009749
3,1,SLOW_2PC,340.313424,966.268210
3,1,SLOW_2PC,340.537736,972.230640
3,1,SLOW_2PC,340.810280,760.497462
3,1,SLOW_2PC,340.758151,920.311682
3,1,SLOW_2PC,341.986184,959.709525
3,1,SLOW_2PC,340.721121,977.632188
3,1,SLOW_2PC,340.915578,844.983851
3,1,SLOW_2PC,340.550880,885.775530
3,1,SLOW_2PC,340.467997,931.757686
3,1,SLOW_2PC,340.555735,954.868650
3,1,SLOW_2PC,340.739590,998.562738
3,1,SLOW_2PC,340.707773,1048.517486
3,1,SLOW_2PC,340.846619,1006.201222
3,1,SLOW_2PC,341.156969,1031.951049
3,1,SLOW_2PC,341.173148,941.963113
3,1,SLOW_2PC,340.793362,998.391726
3,1,SLOW_2PC,340.879142,931.084230
3,1,SLOW_2PC,340.760835,993.302371
3,1,SLOW_2PC,340.943377,1044.772415
3,1,SLOW_2PC,340.442279,996.336533
3,1,SLOW_2PC,340.990139,952.399999
3,1,SLOW_2PC,340.525871,1011.130600
3,1,SLOW_2PC,340.985410,1036.472120
3,1,SLOW_2PC,340.968875,820.016580
3,1,SLOW_2PC,341.284061,861.909937
3,1,SLOW_2PC,340.804162,924.568603
3,1,SLOW_2PC,340.606969,987.731608
3,1,SLOW_2PC,341.234710,944.225972
3,1,SLOW_2PC,340.469497,888.420810
3,1,SLOW_2PC,340.671160,991.529064
3,1,SLOW_2PC,340.868887,897.495812
3,1,SLOW_2PC,340.852897,1012.086789
3,1,SLOW_2PC,341.085804,893.233709
3,1,SLOW_2PC,340.290234,1005.544006
3,1,SLOW_2PC,340.947581,959.818753
3,1,SLOW_2PC,341.226703,1004.205600
3,1,SLOW_2PC,340.950234,976.592632
3,1,SLOW_2PC,341.066757,911.728139
3,1,SLOW_2PC,340.523207,903.231620
3,1,SLOW_2PC,340.476613,868.796588
3,1,SLOW_2PC,340.770705,1041.213528
3,1,SLOW_2PC,341.157869,946.522467
3,1,SLOW_2PC,340.883433,1023.298611
3,1,SLOW_2PC,341.396795,904.512803
3,1,SLOW_2PC,340.782643,894.095932
3,1,SLOW_2PC,341.379965,982.268410
3,1,SLOW_2PC,340.663645,1041.790873
3,1,SLOW_2PC,341.015470,1090.949041
3,1,SLOW_2PC,340.507239,980.114318
3,1,SLOW_2PC,340.708675,1008.494423
3,1,SLOW_2PC,340.770606,929.527576
3,1,SLOW_2PC,341.016703,939.666190
3,1,SLOW_2PC,340.692299,985.227273
3,1,SLOW_2PC,340.866932,884.237385
3,1,SLOW_2PC,341.024604,1111.687880
3,1,SLOW_2PC,341.673366,997.840267
3,1,SLOW_2PC,341.636469,1042.871687
3,1,SLOW_2PC,340.433961,1049.924775
3,1,SLOW_2PC,340.620158,968.265856
3,1,SLOW_2PC,340.834880,942.971782
3,1,SLOW_2PC,340.742627,992.389169
3,1,SLOW_2PC,340.750970,993.547721
3,1,SLOW_2PC,340.591468,1008.877453
3,1,SLOW_2PC,340.626265,1003.214063
3,1,SLOW_2PC,341.102137,1023.478139
3,1,SLOW_2PC,340.579647,967.791321
3,1,SLOW_2PC,340.546162,912.033412
3,1,SLOW_2PC,340.980628,964.544931
3,1,SLOW_2PC,340.438673,998.443793
3,1,SLOW_2PC,341.310240,722.172159
3,1,SLOW_2PC,341.089607,921.789838
3,1,SLOW_2PC,340.797313,928.535511
3,1,SLOW_2PC,340.851888,832.768787
3,1,SLOW_2PC,340.638780,892.808771
3,1,SLOW_2PC,340.750162,757.769223
3,1,SLOW_2PC,340.311294,947.903047
3,1,SLOW_2PC,340.419509,971.300722
3,1,SLOW_2PC,340.675711,891.106670
3,1,SLOW_2PC,340.620028,1039.401541
3,1,SLOW_2PC,340.787346,1048.290915
3,1,SLOW_2PC,340.682071,996.280149
3,1,SLOW_2PC,340.842932,1012.894113
3,1,SLOW_2PC,341.500397,983.741707
3,0,SLOW_2PC,82.472263,inf
3,1,SLOW_2PC,341.348847,904.709019
3,1,SLOW_2PC,340.636129,853.085688
3,1,SLOW_2PC,341.375758,939.786679
3,1,SLOW_2PC,341.197945,993.123195
3,1,SLOW_2PC,340.675878,883.649440
3,1,SLOW_2PC,340.960433,922.113034
3,1,SLOW_2PC,340.953600,980.796355
3,1,SLOW_2PC,340.828083,914.730823
3,1,SLOW_2PC,340.597745,1045.071028
3,1,SLOW_2PC,341.238429,697.947988
3,1,SLOW_2PC,340.708509,965.693792
3,1,SLOW_2PC,340.769125,905.716233
3,1,SLOW_2PC,341.735635,838.533023
3,1,SLOW_2PC,340.763172,886.480900
3,1,SLOW_2PC,340.782359,793.438784
3,1,SLOW_2PC,340.524062,780.938145
3,1,SLOW_2PC,341.536555,845.624024
3,1,SLOW_2PC,340.779851,970.393868
3,1,SLOW_2PC,340.785433,815.958820
3,1,SLOW_2PC,341.163245,897.725887
3,1,SLOW_2PC,341.138078,880.227613
3,1,SLOW_2PC,340.697716,993.097815
3,1,SLOW_2PC,341.015391,1016.887286
3,1,SLOW_2PC,340.994139,957.404673
3,1,SLOW_2PC,340.737786,908.299712
3,1,SLOW_2PC,340.905675,987.221978
3,1,SLOW_2PC,341.051117,857.790323
3,1,SLOW_2PC,340.768508,854.003241
3,1,SLOW_2PC,340.791541,949.990195
3,1,SLOW_2PC,340.691104,895.184283
3,1,SLOW_2PC,341.095818,1005.657191
3,1,SLOW_2PC,340.946143,1000.822039
3,1,SLOW_2PC,340.504848,999.076952
3,1,SLOW_2PC,341.511671,1048.407575
3,1,SLOW_2PC,340.550161,1145.335537
3,1,SLOW_2PC,341.156641,1027.068247
3,1,SLOW_2PC,341.171676,869.356371
3,1,SLOW_2PC,340.836288,942.002427
3,1,SLOW_2PC,341.530480,974.826176
3,1,SLOW_2PC,340.625401,851.221815
3,1,SLOW_2PC,341.359302,904.825162
3,1,SLOW_2PC,341.271619,981.066048
3,1,SLOW_2PC,341.023734,852.980085
3,1,SLOW_2PC,340.493497,781.244854
3,1,SLOW_2PC,340.516010,933.158485
3,1,SLOW_2PC,340.402301,858.417044
3,1,SLOW_2PC,341.329841,972.470204
3,1,SLOW_2PC,340.136925,931.973361
3,1,SLOW_2PC,340.805877,834.865102
3,1,SLOW_2PC,340.480303,913.851548
3,1,SLOW_2PC,341.321196,981.838553
3,1,SLOW_2PC,340.604874,954.006835
3,1,SLOW_2PC,341.064019,910.348131
3,1,SLOW_2PC,341.429704,1015.045764
3,1,SLOW_2PC,341.139968,946.332765
3,1,SLOW_2PC,340.779700,964.671229
3,1,SLOW_2PC,340.948707,1046.356355
3,1,SLOW_2PC,340.682204,961.837046
3,1,SLOW_2PC,341.086995,1017.001691
3,1,SLOW_2PC,340.993017,918.072219
3,1,SLOW_2PC,340.578281,957.383951
3,1,SLOW_2PC,340.433830,989.518924
3,1,SLOW_2PC,340.759409,1005.843145
3,1,SLOW_2PC,340.703652,936.510917
3,1,SLOW_2PC,340.796580,869.317273
3,1,SLOW_2PC,340.942868,893.361360
3,1,SLOW_2PC,340.831935,989.111120
3,1,SLOW_2PC,341.030004,928.438330
3,0,SLOW_2PC,82.744452,inf
3,1,SLOW_2PC,340.508694,930.923604
3,1,SLOW_2PC,340.712174,883.791363
3,1,SLOW_2PC,341.006128,1038.607614
3,1,SLOW_2PC,340.475367,1009.753027
3,1,SLOW_2PC,342.451006,960.061989
3,1,SLOW_2PC,341.107483,900.952521
3,1,SLOW_2PC,340.985706,1033.281609
3,1,SLOW_2PC,340.619499,967.507541
3,1,SLOW_2PC,341.206782,974.643121
3,1,SLOW_2PC,340.680160,891.733260
3,1,SLOW_2PC,340.748331,968.665955
3,1,SLOW_2PC,340.629854,832.254857
3,1,SLOW_2PC,341.213811,932.302072
3,1,SLOW_2PC,340.649378,855.014460
3,1,SLOW_2PC,340.714115,825.238862
3,1,SLOW_2PC,341.066555,963.138241
3,1,SLOW_2PC,340.924453,979.432976
3,1,SLOW_2PC,340.966893,1071.872334
3,1,SLOW_2PC,341.235923,966.364122
3,1,SLOW_2PC,340.738774,1011.583793
3,1,SLOW_2PC,341.241743,907.742012
3,1,SLOW_2PC,340.997342,981.794114
3,1,SLOW_2PC,340.897931,1047.514236
3,1,SLOW_2PC,341.075460,904.297311
3,1,SLOW_2PC,340.836460,763.445807
3,1,SLOW_2PC,341.278596,1007.214939
3,1,SLOW_2PC,340.727375,925.846649
3,1,SLOW_2PC,340.850091,946.540388
3,1,SLOW_2PC,340.673684,978.784334
3,1,SLOW_2PC,341.094386,944.827006
3,1,SLOW_2PC,340.655068,1015.495308
3,1,SLOW_2PC,340.669645,1024.567680
3,1,SLOW_2PC,340.616445,897.002704
3,1,SLOW_2PC,340.400611,888.718791
3,1,SLOW_2PC,340.999398,963.278441
3,1,SLOW_2PC,340.545549,861.268893
3,1,SLOW_2PC,340.646782,919.798131
3,1,SLOW_2PC,340.371708,995.405776
3,1,SLOW_2PC,341.043970,1011.008992
3,1,SLOW_2PC,340.770476,904.486012
3,0,SLOW_2PC,253.917275,inf
3,1,SLOW_2PC,341.004528,912.205274
3,1,SLOW_2PC,341.249417,1031.751907
3,1,SLOW_2PC,341.018744,1022.179732
3,1,SLOW_2PC,340.996415,964.633681
3,1,SLOW_2PC,341.081414,958.301476
3,1,SLOW_2PC,341.022272,997.266308
3,1,SLOW_2PC,340.865837,732.898329
3,1,SLOW_2PC,341.889031,1003.820309
3,1,SLOW_2PC,340.800938,885.145854
3,1,SLOW_2PC,340.987762,914.371807
3,1,SLOW_2PC,341.305839,923.178795
3,1,SLOW_2PC,341.555306,862.009119
3,1,SLOW_2PC,340.647557,983.821057
3,1,SLOW_2PC,341.938075,933.614276
3,1,SLOW_2PC,341.008152,909.900061
3,1,SLOW_2PC,342.043639,934.317515
3,1,SLOW_2PC,341.420658,946.600793
3,1,SLOW_2PC,341.183569,918.003484
3,1,SLOW_2PC,340.775769,993.976057
3,1,SLOW_2PC,341.056379,871.687066
3,1,SLOW_2PC,341.286543,882.799045
3,1,SLOW_2PC,341.086612,982.521373
3,1,SLOW_2PC,341.787109,934.359269
3,1,SLOW_2PC,341.593587,835.895781
3,1,SLOW_2PC,341.705936,932.793995
3,1,SLOW_2PC,341.376666,1001.727049
3,1,SLOW_2PC,340.723184,981.087655
3,1,SLOW_2PC,341.722373,997.554058
3,1,SLOW_2PC,341.302255,910.304791
3,1,SLOW_2PC,340.923199,893.952217
3,1,SLOW_2PC,341.352435,855.455840
3,1,SLOW_2PC,341.362921,958.812372
3,1,SLOW_2PC,341.183951,919.732660
3,1,SLOW_2PC,340.677692,987.982722
3,1,SLOW_2PC,341.137234,874.788491
3,1,SLOW_2PC,341.091889,1011.643219
3,1,SLOW_2PC,341.449758,1033.368883
3,1,SLOW_2PC,340.987661,978.624511
3,1,SLOW_2PC,341.100699,989.952443
3,1,SLOW_2PC,341.363209,922.604759
3,1,SLOW_2PC,340.792301,994.536928
3,1,SLOW_2PC,340.999738,941.796794
3,1,SLOW_2PC,341.114308,1015.364360
3,1,SLOW_2PC,340.819384,975.366614
3,1,SLOW_2PC,340.648776,899.315645
3,1,SLOW_2PC,341.020888,1009.438209
3,1,SLOW_2PC,341.032725,1025.489888
3,1,SLOW_2PC,341.268200,1003.062265
3,1,SLOW_2PC,340.984099,1013.760561
3,1,SLOW_2PC,340.867034,993.143329
3,1,SLOW_2PC,340.584630,921.339691
3,1,SLOW_2PC,340.923311,962.345713
3,1,SLOW_2PC,340.918316,985.825812
3,1,SLOW_2PC,341.894090,913.077867
3,1,SLOW_2PC,340.851251,891.552218
3,1,SLOW_2PC,340.760185,849.205532
3,1,SLOW_2PC,340.826742,1004.850825
3,1,SLOW_2PC,340.942586,954.435584
3,1,SLOW_2PC,340.867170,923.252474
3,1,SLOW_2PC,341.364941,979.056827
3,1,SLOW_2PC,340.887908,909.203586
3,1,SLOW_2PC,341.297153,966.408993
3,1,SLOW_2PC,340.762447,883.394231
3,1,SLOW_2PC,341.327412,1038.692116
3,1,SLOW_2PC,340.468459,893.666006
3,1,SLOW_2PC,340.977869,946.353638
3,1,SLOW_2PC,340.819302,978.856444
3,1,SLOW_2PC,340.894117,1017.515933
3,1,SLOW_2PC,340.805692,944.236101
3,1,SLOW_2PC,340.872125,996.302507
3,1,SLOW_2PC,340.730748,899.391546
3,1,SLOW_2PC,340.688089,1029.366235
3,1,SLOW_2PC,340.916307,1023.092186
3,1,SLOW_2PC,341.025061,996.990186
3,1,SLOW_2PC,340.896028,1050.343540
3,1,SLOW_2PC,341.315884,971.353271
3,1,SLOW_2PC,340.900663,1028.302174
3,1,SLOW_2PC,340.822923,945.750349
3,1,SLOW_2PC,341.214526,1038.335593
3,1,SLOW_2PC,340.698760,909.643917
3,1,SLOW_2PC,340.547167,993.623958
3,1,SLOW_2PC,340.740697,1017.742653
3,1,SLOW_2PC,340.674909,928.785408
3,1,SLOW_2PC,341.007826,1029.846210
3,1,SLOW_2PC,340.703203,997.211336
3,1,SLOW_2PC,341.066016,1036.939044
3,1,SLOW_2PC,340.703756,919.361754
3,1,SLOW_2PC,340.368436,898.292502
3,1,SLOW_2PC,341.164557,897.687864
3,1,SLOW_2PC,340.863000,935.992045
3,1,SLOW_2PC,340.970340,975.250774
3,1,SLOW_2PC,341.243203,726.301923
3,1,SLOW_2PC,340.755579,877.027077
3,1,SLOW_2PC,341.424639,960.884214
3,1,SLOW_2PC,341.014579,802.741272
3,1,SLOW_2PC,340.959501,915.238378
3,1,SLOW_2PC,341.121163,958.006883
3,1,SLOW_2PC,340.755037,975.142838
3,1,SLOW_2PC,340.613345,917.867951
3,1,SLOW_2PC,340.755707,871.617192
3,1,SLOW_2PC,341.249577,1002.599519
3,1,SLOW_2PC,340.974093,858.483253
3,1,SLOW_2PC,340.886689,991.577097
3,1,SLOW_2PC,341.205171,931.336797
3,1,SLOW_2PC,341.209683,926.292474
3,1,SLOW_2PC,341.915850,967.045445
3,1,SLOW_2PC,340.956921,871.523160
3,1,SLOW_2PC,341.208961,985.970427
3,1,SLOW_2PC,340.956225,993.839903
3,1,SLOW_2PC,340.715551,851.552196
3,1,SLOW_2PC,340.938428,1022.873856
3,1,SLOW_2PC,340.729851,929.296611
3,1,SLOW_2PC,340.888542,824.561239
3,1,SLOW_2PC,340.607646,973.622093
3,1,SLOW_2PC,340.813330,925.682294
3,1,SLOW_2PC,340.498411,892.572720
3,1,SLOW_2PC,340.925208,906.971051
3,1,SLOW_2PC,341.178051,1009.295894
3,1,SLOW_2PC,340.767364,971.907617
3,1,SLOW_2PC,341.081458,899.039455
3,1,SLOW_2PC,340.591430,874.375824
3,1,SLOW_2PC,340.563334,964.026229
3,1,SLOW_2PC,340.613481,894.436705
3,1,SLOW_2PC,341.176665,1012.467063
3,1,SLOW_2PC,340.732850,994.211160
3,1,SLOW_2PC,340.717754,1050.661334
3,1,SLOW_2PC,340.628683,943.824640
3,1,SLOW_2PC,340.895543,888.894929
3,1,SLOW_2PC,341.398587,1049.787163
3,1,SLOW_2PC,341.120412,1023.201618
3,1,SLOW_2PC,340.730080,944.782129
3,1,SLOW_2PC,340.769351,931.423092
3,1,SLOW_2PC,340.628567,941.570300
3,1,SLOW_2PC,341.383207,959.595052
3,1,SLOW_2PC,341.282464,985.094885
3,1,SLOW_2PC,340.859218,1009.136463
3,1,SLOW_2PC,340.953667,984.489046
3,1,SLOW_2PC,341.478327,927.419013
3,1,SLOW_2PC,340.687247,970.518425
3,1,SLOW_2PC,340.675321,965.061865
3,1,SLOW_2PC,340.744272,845.652818
3,1,SLOW_2PC,340.823517,972.177766
3,1,SLOW_2PC,340.932584,896.554849
3,1,SLOW_2PC,341.236449,767.257470
3,1,SLOW_2PC,340.796486,837.839964
3,1,SLOW_2PC,341.079389,888.301840
3,1,SLOW_2PC,341.296653,954.304108
3,1,SLOW_2PC,341.773931,945.591102
3,1,SLOW_2PC,341.489182,1024.561775
3,1,SLOW_2PC,340.965518,934.315009
3,1,SLOW_2PC,340.753729,920.006228
3,1,SLOW_2PC,342.442465,1042.508321
3,1,SLOW_2PC,341.301081,982.858625
3,1,SLOW_2PC,340.825544,952.898306
3,1,SLOW_2PC,341.056659,933.212079
3,1,SLOW_2PC,341.201686,1041.779081
3,1,SLOW_2PC,341.390725,984.307845
3,1,SLOW_2PC,341.302996,905.163092
3,1,SLOW_2PC,341.450195,873.620019
3,1,SLOW_2PC,341.431703,876.357275
3,1,SLOW_2PC,341.525934,988.096990
3,1,SLOW_2PC,340.847882,912.107194
3,1,SLOW_2PC,341.353956,759.650671
3,1,SLOW_2PC,341.156060,929.414296
3,1,SLOW_2PC,340.965519,835.704245
3,1,SLOW_2PC,341.200973,979.685392
3,1,SLOW_2PC,341.621240,904.236095
3,1,SLOW_2PC,341.407995,987.485799
3,1,SLOW_2PC,341.161370,959.188927
3,1,SLOW_2PC,340.777699,947.826703
3,1,SLOW_2PC,341.340623,978.579603
3,1,SLOW_2PC,341.543067,871.669051
3,1,SLOW_2PC,340.939410,1029.756271
3,1,SLOW_2PC,340.911515,925.864917
3,1,SLOW_2PC,341.047574,948.491061
3,1,SLOW_2PC,341.307815,994.657341
3,1,SLOW_2PC,341.028433,992.528554
3,1,SLOW_2PC,341.094843,875.629080
3,1,SLOW_2PC,341.748957,919.487927
3,1,SLOW_2PC,341.303951,1065.843250
3,1,SLOW_2PC,340.874872,998.964923
3,1,SLOW_2PC,340.956837,900.358933
3,1,SLOW_2PC,340.407632,997.887627
3,1,SLOW_2PC,340.935778,929.209169
3,1,SLOW_2PC,340.434937,996.924247
3,1,SLOW_2PC,341.395027,945.895803
3,1,SLOW_2PC,340.702418,955.802724
3,1,SLOW_2PC,340.793663,1016.299094
3,1,SLOW_2PC,341.265827,854.174539
3,1,SLOW_2PC,341.130281,817.175746
3,1,SLOW_2PC,340.649160,998.785113
3,1,SLOW_2PC,341.041830,921.061058
3,1,SLOW_2PC,340.726081,921.220422
3,1,SLOW_2PC,341.323329,997.448715
3,1,SLOW_2PC,341.211982,944.467729
3,1,SLOW_2PC,340.837246,959.874667
3,1,SLOW_2PC,340.741020,991.719341
3,1,SLOW_2PC,340.644850,1009.729105
3,1,SLOW_2PC,340.759420,974.434276
3,1,SLOW_2PC,340.942771,962.817786
3,1,SLOW_2PC,341.094600,826.305274
3,1,SLOW_2PC,341.473887,1029.032092
3,1,SLOW_2PC,341.073151,970.529927
3,1,SLOW_2PC,340.702019,899.956885
3,1,SLOW_2PC,341.181766,982.915998
3,1,SLOW_2PC,340.580742,964.897011
3,1,SLOW_2PC,341.063795,858.676387
3,1,SLOW_2PC,340.956910,893.956496
3,1,SLOW_2PC,341.488482,941.295006
3,1,SLOW_2PC,341.030746,862.569343
3,1,SLOW_2PC,340.956983,994.079692
3,1,SLOW_2PC,341.561600,979.228315
3,1,SLOW_2PC,341.351541,942.727915
3,1,SLOW_2PC,340.875398,886.031141
3,1,SLOW_2PC,340.588350,862.266928
3,1,SLOW_2PC,340.813892,846.268270
3,1,SLOW_2PC,341.154445,1002.652958
3,1,SLOW_2PC,340.688726,901.837644
3,1,SLOW_2PC,341.389237,963.551500
3,1,SLOW_2PC,340.605181,849.932746
3,1,SLOW_2PC,341.680759,1042.892633
3,1,SLOW_2PC,340.430802,968.658079
3,1,SLOW_2PC,341.672166,926.832325
3,1,SLOW_2PC,340.859781,892.251483
3,1,SLOW_2PC,341.391329,979.113163
3,1,SLOW_2PC,341.489281,923.016981
3,1,SLOW_2PC,340.859387,1031.903493
3,1,SLOW_2PC,341.233932,980.624524
3,1,SLOW_2PC,341.323258,963.396065
3,1,SLOW_2PC,341.352971,1048.007971
3,1,SLOW_2PC,340.827874,914.954575
3,1,SLOW_2PC,341.044280,918.352896
3,1,SLOW_2PC,340.486996,1002.684488
3,1,SLOW_2PC,341.990150,873.376457
3,1,SLOW_2PC,340.664196,908.806472
3,1,SLOW_2PC,341.552883,935.121173
3,1,SLOW_2PC,341.018137,939.046642
3,1,SLOW_2PC,340.575443,941.231609
3,1,SLOW_2PC,340.828532,862.147550
3,1,SLOW_2PC,341.275917,998.545359
3,1,SLOW_2PC,340.828067,1009.204223
3,1,SLOW_2PC,341.259769,777.584366
3,1,SLOW_2PC,341.997536,1043.460091
3,1,SLOW_2PC,341.335539,982.323714
3,1,SLOW_2PC,340.830517,840.698710
3,1,SLOW_2PC,341.455156,1010.530365
3,1,SLOW_2PC,341.207269,932.118288
3,1,SLOW_2PC,340.597232,855.784168
3,1,SLOW_2PC,340.785365,918.079720
3,1,SLOW_2PC,341.140924,865.281679
3,1,SLOW_2PC,340.865933,985.895230
3,1,SLOW_2PC,340.773970,869.401886
3,1,SLOW_2PC,340.597144,985.848196
3,1,SLOW_2PC,340.788929,906.878756
3,1,SLOW_2PC,341.246302,940.363826
3,1,SLOW_2PC,341.112519,997.501942
3,1,SLOW_2PC,340.886112,997.267331
3,1,SLOW_2PC,340.718855,943.406724
3,1,SLOW_2PC,341.298571,902.491351
3,1,SLOW_2PC,340.927510,978.441767
3,0,SLOW_2PC,82.845174,inf
3,1,SLOW_2PC,341.010641,997.626201
3,1,SLOW_2PC,341.401998,1047.837826
3,1,SLOW_2PC,340.957288,933.570250
3,1,SLOW_2PC,340.831288,906.733872
3,1,SLOW_2PC,341.076309,1051.704070
3,1,SLOW_2PC,341.166838,1031.922664
3,1,SLOW_2PC,340.695698,1000.603478
3,1,SLOW_2PC,340.888069,926.031711
3,1,SLOW_2PC,340.854105,976.543511
3,1,SLOW_2PC,340.805021,1052.099757
3,1,SLOW_2PC,340.549472,991.000825
3,1,SLOW_2PC,340.835217,1021.560885
3,0,SLOW_2PC,82.885492,inf
3,1,SLOW_2PC,340.853777,1027.132778
3,1,SLOW_2PC,340.695432,1037.726344
3,1,SLOW_2PC,340.952732,913.803058
3,1,SLOW_2PC,340.681874,976.110377
3,0,SLOW_2PC,82.706787,inf
3,1,SLOW_2PC,340.838985,957.699959
3,1,SLOW_2PC,342.233817,977.551647
3,1,SLOW_2PC,340.468987,875.610158
3,1,SLOW_2PC,341.011998,881.454772
3,0,SLOW_2PC,82.683433,inf
3,1,SLOW_2PC,340.776980,1024.640081
3,1,SLOW_2PC,340.560821,1012.534054
3,1,SLOW_2PC,340.803089,991.546795
3,1,SLOW_2PC,341.031551,934.423477
3,1,SLOW_2PC,340.963353,1000.197479
3,1,SLOW_2PC,341.618990,968.607753
3,1,SLOW_2PC,340.784391,977.686246
3,1,SLOW_2PC,341.327361,905.220399
3,1,SLOW_2PC,341.481727,954.424108
3,1,SLOW_2PC,341.317337,887.802455
3,1,SLOW_2PC,341.545456,830.064997
3,1,SLOW_2PC,340.496289,829.561789
3,1,SLOW_2PC,340.943334,951.733822
3,1,SLOW_2PC,341.558576,989.699815
3,1,SLOW_2PC,341.372582,866.636963
3,1,SLOW_2PC,341.107527,952.546952
3,1,SLOW_2PC,341.080009,902.395843
3,1,SLOW_2PC,340.773857,825.937163
3,1,SLOW_2PC,340.879815,998.206253
3,1,SLOW_2PC,340.873871,963.412615
3,1,SLOW_2PC,341.288457,1031.856547
3,1,SLOW_2PC,340.446247,858.981732
3,1,SLOW_2PC,340.797631,938.120828
3,1,SLOW_2PC,341.083692,990.520126
3,1,SLOW_2PC,340.787190,1029.088827
3,1,SLOW_2PC,340.977674,856.047167
3,1,SLOW_2PC,340.843254,934.204397
3,1,SLOW_2PC,340.890898,967.569591
3,1,SLOW_2PC,341.070835,996.785082
3,1,SLOW_2PC,340.896417,892.941454
3,1,SLOW_2PC,340.876569,888.908153
3,1,SLOW_2PC,341.008691,925.876332
3,1,SLOW_2PC,340.861307,887.441795
3,1,SLOW_2PC,340.911890,949.252566
3,1,SLOW_2PC,340.939645,869.830006
3,1,SLOW_2PC,341.106771,1010.270237
3,1,SLOW_2PC,341.539586,994.330324
3,1,SLOW_2PC,341.213752,962.739798
3,1,SLOW_2PC,341.357165,994.731116
3,1,SLOW_2PC,341.367255,887.853369
3,1,SLOW_2PC,340.775681,926.461536
3,1,SLOW_2PC,341.457855,866.499082
3,1,SLOW_2PC,341.836153,972.722430
3,1,SLOW_2PC,340.205390,923.147280
3,1,SLOW_2PC,341.136041,943.046607
3,1,SLOW_2PC,341.282415,975.752579
3,1,SLOW_2PC,341.369522,1043.077678
3,1,SLOW_2PC,340.981462,942.482109
3,1,SLOW_2PC,340.836523,951.664466
3,1,SLOW_2PC,341.696474,918.541790
3,1,SLOW_2PC,340.572572,993.138142
3,1,SLOW_2PC,340.686935,1042.120645
3,1,SLOW_2PC,340.766306,1045.643179
3,1,SLOW_2PC,340.957145,900.585444
3,1,SLOW_2PC,341.628363,978.654084
3,1,SLOW_2PC,340.532403,826.396563
3,1,SLOW_2PC,340.566577,1015.480986
3,1,SLOW_2PC,340.546816,868.892843
3,1,SLOW_2PC,341.463164,910.884429
3,1,SLOW_2PC,341.046220,965.230734
3,1,SLOW_2PC,340.935668,916.769728
3,1,SLOW_2PC,340.747699,951.519078
3,1,SLOW_2PC,341.089697,1027.905731
3,1,SLOW_2PC,341.343783,868.759107
3,1,SLOW_2PC,342.535661,1044.482301
3,1,SLOW_2PC,340.840258,988.205484
3,1,SLOW_2PC,343.840796,1044.954671
3,1,SLOW_2PC,340.566950,946.475953
3,0,SLOW_2PC,82.740845,inf
3,1,SLOW_2PC,340.547392,986.149522
3,1,SLOW_2PC,340.913347,874.124204
3,1,SLOW_2PC,340.524747,805.631352
3,1,SLOW_2PC,340.988099,916.001176
3,1,SLOW_2PC,341.203221,1027.695099
3,1,SLOW_2PC,340.630428,989.116442
3,1,SLOW_2PC,341.472609,942.593402
3,1,SLOW_2PC,340.826153,867.659882
3,1,SLOW_2PC,341.221032,947.934594
3,1,SLOW_2PC,341.162520,979.966815
3,1,SLOW_2PC,341.123594,895.878699
3,1,SLOW_2PC,340.984023,1041.114122
3,1,SLOW_2PC,340.480029,934.073113
3,1,SLOW_2PC,340.731864,913.126337
3,1,SLOW_2PC,341.053373,1004.518775
3,1,SLOW_2PC,340.613512,975.265536
3,1,SLOW_2PC,340.665288,1028.349035
3,1,SLOW_2PC,340.540338,976.097433
3,1,SLOW_2PC,341.026044,997.877099
3,1,SLOW_2PC,341.395495,942.141019
3,1,SLOW_2PC,340.902595,1035.355991
3,1,SLOW_2PC,340.911889,988.308344
3,1,SLOW_2PC,341.072876,1030.504177
3,1,SLOW_2PC,340.562107,946.123213
3,0,SLOW_2PC,82.552145,inf
3,1,SLOW_2PC,340.994462,843.653508
3,1,SLOW_2PC,341.117513,980.275398
3,1,SLOW_2PC,341.392641,900.211563
3,1,SLOW_2PC,340.782973,995.792592
3,1,SLOW_2PC,341.277685,972.208194
3,1,SLOW_2PC,340.666065,967.383608
3,1,SLOW_2PC,341.171720,883.097011
3,1,SLOW_2PC,340.941278,917.237323
3,0,SLOW_2PC,82.821145,inf
3,1,SLOW_2PC,340.585952,969.493526
3,1,SLOW_2PC,340.970394,914.874027
3,1,SLOW_2PC,341.564526,982.784254
3,1,SLOW_2PC,340.701352,1002.591387
3,1,SLOW_2PC,340.787366,915.907701
3,1,SLOW_2PC,342.269742,958.858385
3,1,SLOW_2PC,340.631161,817.349740
3,1,SLOW_2PC,340.927550,1014.271129
3,1,SLOW_2PC,341.331396,990.947005
3,1,SLOW_2PC,341.110054,774.101138
3,1,SLOW_2PC,341.181444,957.245056
3,1,SLOW_2PC,340.755845,905.639612
3,1,SLOW_2PC,341.363202,979.430815
3,1,SLOW_2PC,341.666437,1035.212105
3,1,SLOW_2PC,341.009328,781.658311
3,1,SLOW_2PC,341.166281,946.805736
3,1,SLOW_2PC,340.714407,861.204164
3,1,SLOW_2PC,340.736476,923.605517
3,1,SLOW_2PC,340.314859,981.329733
3,1,SLOW_2PC,340.771090,1038.654322
3,1,SLOW_2PC,341.536632,919.993263
3,1,SLOW_2PC,340.716695,998.752722
3,1,SLOW_2PC,341.575528,871.710763
3,1,SLOW_2PC,340.950452,956.108579
3,1,SLOW_2PC,340.653437,1117.714008
3,1,SLOW_2PC,340.432098,1044.928092
3,1,SLOW_2PC,341.143733,969.755447
3,1,SLOW_2PC,340.824031,1030.567898
3,1,SLOW_2PC,341.164254,922.296130
3,1,SLOW_2PC,340.778716,989.765687
3,1,SLOW_2PC,341.096305,869.487993
3,1,SLOW_2PC,341.173924,885.034509
3,1,SLOW_2PC,340.913421,1005.305366
3,1,SLOW_2PC,340.701545,1033.110773
3,1,SLOW_2PC,341.698733,886.398578
3,1,SLOW_2PC,340.794758,941.073189
3,1,SLOW_2PC,340.820750,739.309536
3,1,SLOW_2PC,341.247604,991.702401
3,1,SLOW_2PC,341.149706,967.548381
3,1,SLOW_2PC,340.482000,1029.786337
3,1,SLOW_2PC,340.832094,867.554262
3,1,SLOW_2PC,340.829952,971.426342
3,1,SLOW_2PC,341.599748,927.196323
3,1,SLOW_2PC,340.990519,1011.241983
3,1,SLOW_2PC,340.662094,1076.159294
3,1,SLOW_2PC,340.457201,979.343147
3,1,SLOW_2PC,340.585323,998.788437
3,1,SLOW_2PC,340.697395,1039.190861
3,1,SLOW_2PC,341.202822,1014.812100
3,1,SLOW_2PC,341.402093,916.169232
3,1,SLOW_2PC,340.922189,1030.737652
3,1,SLOW_2PC,340.402501,976.896917
3,1,SLOW_2PC,340.966397,945.380584
3,1,SLOW_2PC,341.143827,983.047314
3,1,SLOW_2PC,340.995494,902.130368
3,1,SLOW_2PC,341.124653,838.757732
3,1,SLOW_2PC,341.047143,932.391780
3,1,SLOW_2PC,340.965279,988.170326
3,1,SLOW_2PC,340.395016,1049.413418
3,1,SLOW_2PC,340.982873,1007.732576
3,1,SLOW_2PC,341.508770,966.204727
3,1,SLOW_2PC,341.235575,929.399461
3,1,SLOW_2PC,341.016434,940.519391
3,1,SLOW_2PC,340.866211,892.987101
3,1,SLOW_2PC,340.585670,952.309888
3,1,SLOW_2PC,340.719335,875.794761
3,1,SLOW_2PC,340.935760,972.314295
3,1,SLOW_2PC,341.121734,985.416317
3,0,SLOW_2PC,82.695298,inf
3,1,SLOW_2PC,340.860144,977.959980
3,1,SLOW_2PC,340.526109,896.093482
3,1,SLOW_2PC,340.897476,931.270384
3,1,SLOW_2PC,341.016816,947.639987
3,1,SLOW_2PC,340.739668,988.332433
3,1,SLOW_2PC,340.933688,729.560473
3,1,SLOW_2PC,340.614304,968.883073
3,1,SLOW_2PC,340.625577,982.133876
3,1,SLOW_2PC,340.358793,790.824820
3,1,SLOW_2PC,341.461257,939.682316
3,1,SLOW_2PC,340.417641,888.968450
3,1,SLOW_2PC,340.560399,815.558850
3,1,SLOW_2PC,341.094415,996.772591
3,1,SLOW_2PC,340.724710,988.021266
3,1,SLOW_2PC,341.170382,1002.019380
3,1,SLOW_2PC,340.545070,1060.952965
3,1,SLOW_2PC,340.978942,946.090807
3,1,SLOW_2PC,340.694563,975.697432
3,1,SLOW_2PC,341.042665,1040.317008
3,1,SLOW_2PC,340.836069,1022.413154
3,1,SLOW_2PC,341.013029,952.260089
3,1,SLOW_2PC,340.569014,1009.870702
3,1,SLOW_2PC,340.451368,1002.826957
3,1,SLOW_2PC,340.854703,931.243121
3,1,SLOW_2PC,340.882010,1006.818789
3,1,SLOW_2PC,341.178914,861.803014
3,1,SLOW_2PC,341.027496,803.307886
3,1,SLOW_2PC,340.871914,937.923868
3,1,SLOW_2PC,340.753747,1019.406786
3,1,SLOW_2PC,340.538403,885.499856
3,1,SLOW_2PC,341.013057,961.263738
3,0,SLOW_2PC,82.592501,inf
3,1,SLOW_2PC,340.900793,1034.669367
3,1,SLOW_2PC,340.907866,987.374038
3,1,SLOW_2PC,340.891112,1033.001040
3,1,SLOW_2PC,340.687959,946.134747
3,1,SLOW_2PC,341.054577,912.455934
3,1,SLOW_2PC,341.135305,1010.680585
3,1,SLOW_2PC,340.677071,956.093886
3,1,SLOW_2PC,341.344527,895.888479
3,1,SLOW_2PC,340.961834,995.981158
3,1,SLOW_2PC,341.067414,983.525011
3,1,SLOW_2PC,342.214340,872.810174
3,1,SLOW_2PC,340.805810,950.208599
3,1,SLOW_2PC,341.971951,873.153270
3,1,SLOW_2PC,341.125182,918.599998
3,1,SLOW_2PC,341.007215,994.226986
3,1,SLOW_2PC,341.521297,964.089205
3,1,SLOW_2PC,340.949056,715.508733
3,0,SLOW_2PC,252.979281,inf
3,1,SLOW_2PC,340.881512,930.308681
3,1,SLOW_2PC,340.586753,803.821590
3,1,SLOW_2PC,341.020500,858.974196
3,1,SLOW_2PC,340.390403,822.442124
3,1,SLOW_2PC,340.892608,847.723305
3,1,SLOW_2PC,340.936683,980.994387
3,1,SLOW_2PC,341.246618,800.189931
3,1,SLOW_2PC,340.759479,922.548951
3,0,SLOW_2PC,82.886862,inf
3,1,SLOW_2PC,340.688638,906.882672
3,1,SLOW_2PC,341.025084,906.674165
3,1,SLOW_2PC,340.787753,838.664473
3,1,SLOW_2PC,340.678568,1048.610767
3,1,SLOW_2PC,340.337240,902.280651
3,1,SLOW_2PC,340.277500,929.656161
3,1,SLOW_2PC,340.477824,987.750556
3,1,SLOW_2PC,340.528149,1018.537183
3,1,SLOW_2PC,340.890510,935.312043
3,1,SLOW_2PC,340.567878,1007.083222
3,1,SLOW_2PC,340.325049,920.321076
3,1,SLOW_2PC,340.971014,891.651254
3,1,SLOW_2PC,340.910671,803.701210
3,1,SLOW_2PC,340.836207,1019.577114
3,1,SLOW_2PC,340.901341,941.714415
3,1,SLOW_2PC,340.852811,976.705509
3,1,SLOW_2PC,340.820970,1007.987914
3,1,SLOW_2PC,340.810561,999.656944
3,1,SLOW_2PC,340.820393,927.492751
3,1,SLOW_2PC,340.579586,974.002625
3,1,SLOW_2PC,341.095193,972.307142
3,1,SLOW_2PC,340.871047,925.416346
3,1,SLOW_2PC,340.694537,1011.874936
3,1,SLOW_2PC,340.824052,904.867711
3,1,SLOW_2PC,341.091270,942.077343
3,1,SLOW_2PC,341.088995,1033.181895
3,0,SLOW_2PC,83.001783,inf
3,1,SLOW_2PC,341.451615,943.293630
3,1,SLOW_2PC,340.608749,978.720205
3,1,SLOW_2PC,341.121380,919.565583
3,1,SLOW_2PC,341.205534,840.987226
3,1,SLOW_2PC,341.698161,999.178876
3,1,SLOW_2PC,341.240828,821.469898
3,1,SLOW_2PC,341.086184,961.598218
3,1,SLOW_2PC,340.966537,912.086583
3,1,SLOW_2PC,341.060406,1014.957120
3,1,SLOW_2PC,340.857576,721.975611
3,1,SLOW_2PC,340.835969,796.355825
3,1,SLOW_2PC,341.453913,749.049411
3,1,SLOW_2PC,341.539509,830.029136
3,1,SLOW_2PC,340.840754,774.070540
3,1,SLOW_2PC,341.244525,996.704125
3,1,SLOW_2PC,341.346890,927.224542
3,1,SLOW_2PC,340.638765,892.986936
3,1,SLOW_2PC,341.351092,825.200897
3,1,SLOW_2PC,341.229912,1000.966311
3,1,SLOW_2PC,340.640455,909.993789
3,1,SLOW_2PC,341.185918,950.273723
3,1,SLOW_2PC,341.072711,914.212897
3,1,SLOW_2PC,340.930926,883.708550
3,1,SLOW_2PC,341.444609,962.487504
3,1,SLOW_2PC,340.907639,1022.961461
3,1,SLOW_2PC,340.559465,882.646388
3,1,SLOW_2PC,341.221866,968.925300
3,1,SLOW_2PC,341.151342,1017.764776
3,1,SLOW_2PC,341.801457,971.531771
3,1,SLOW_2PC,340.735927,1005.687565
3,1,SLOW_2PC,341.142300,1051.321008
3,1,SLOW_2PC,341.101311,1019.068467
3,1,SLOW_2PC,341.561652,931.343368
3,1,SLOW_2PC,342.127537,948.122608
3,1,SLOW_2PC,341.337653,954.755325
3,1,SLOW_2PC,341.649744,1016.979179
3,1,SLOW_2PC,340.908956,914.272276
3,1,SLOW_2PC,340.742568,1010.699553
3,1,SLOW_2PC,341.526885,1054.190034
3,1,SLOW_2PC,340.869669,976.241909
3,1,SLOW_2PC,341.009430,923.447386
3,1,SLOW_2PC,341.667513,1014.845896
3,0,SLOW_2PC,82.817767,inf
3,1,SLOW_2PC,341.046541,940.658334
3,1,SLOW_2PC,341.120521,958.219963
3,1,SLOW_2PC,340.789793,927.972927
3,1,SLOW_2PC,340.878641,1005.091784
3,1,SLOW_2PC,341.756423,880.320023
3,1,SLOW_2PC,341.048986,985.378108
3,1,SLOW_2PC,341.263236,959.201673
3,1,SLOW_2PC,341.109346,936.034473
3,1,SLOW_2PC,340.931281,959.178505
3,1,SLOW_2PC,341.065486,993.752007
3,1,SLOW_2PC,340.827752,1021.409262
3,1,SLOW_2PC,341.042554,998.516405
3,1,SLOW_2PC,340.703927,1022.921306
3,1,SLOW_2PC,340.862852,953.994557
3,1,SLOW_2PC,341.121427,881.931850
3,1,SLOW_2PC,341.063795,806.369226
3,1,SLOW_2PC,340.927276,1035.033208
3,1,SLOW_2PC,340.849897,951.640898
3,1,SLOW_2PC,340.915650,875.616857
3,1,SLOW_2PC,340.587215,1027.062773
3,1,SLOW_2PC,341.811583,875.404993
3,1,SLOW_2PC,341.095958,973.862526
3,1,SLOW_2PC,341.013008,955.266470
3,1,SLOW_2PC,341.238612,996.583719
3,1,SLOW_2PC,341.212437,1002.125423
3,1,SLOW_2PC,341.314949,870.503408
3,1,SLOW_2PC,341.250341,941.952782
3,1,SLOW_2PC,340.666293,1075.186432
3,1,SLOW_2PC,340.582224,1031.197342
3,1,SLOW_2PC,341.068944,969.287343
3,1,SLOW_2PC,341.519205,1034.777234
3,1,SLOW_2PC,340.442567,1051.169224
3,1,SLOW_2PC,340.928748,917.438300
3,1,SLOW_2PC,341.702242,947.830561
3,1,SLOW_2PC,340.162717,994.014951
3,1,SLOW_2PC,340.908430,997.819654
3,1,SLOW_2PC,340.943489,962.867529
3,1,SLOW_2PC,340.961108,928.763032
3,1,SLOW_2PC,340.736809,983.165386
3,1,SLOW_2PC,340.745794,889.476254
3,0,SLOW_2PC,82.875852,inf
3,1,SLOW_2PC,340.703974,1016.132465
3,1,SLOW_2PC,340.844347,961.500304
3,1,SLOW_2PC,340.807383,1001.977796
3,1,SLOW_2PC,340.392939,1003.092959
3,1,SLOW_2PC,340.713891,929.812830
3,1,SLOW_2PC,340.879437,1006.326461
3,1,SLOW_2PC,340.534674,953.411655
3,1,SLOW_2PC,341.016955,1049.771216
3,1,SLOW_2PC,341.105949,1002.098318
3,1,SLOW_2PC,340.861300,903.361172
3,1,SLOW_2PC,340.778943,975.416218
3,1,SLOW_2PC,341.085578,1049.274698
3,1,SLOW_2PC,340.938097,881.805684
3,1,SLOW_2PC,340.814961,931.735976
3,1,SLOW_2PC,341.119927,972.742066
3,1,SLOW_2PC,341.038712,821.510184
3,0,SLOW_2PC,82.558330,inf
3,1,SLOW_2PC,341.013802,959.779547
3,1,SLOW_2PC,340.798940,942.907093
3,1,SLOW_2PC,340.733046,990.927004
3,1,SLOW_2PC,340.748233,936.857344
3,1,SLOW_2PC,340.513943,924.372644
3,1,SLOW_2PC,340.714513,913.521897
3,1,SLOW_2PC,341.087804,972.532028
3,1,SLOW_2PC,340.928798,1049.274485
3,1,SLOW_2PC,341.346053,897.920618
3,1,SLOW_2PC,340.857075,906.172713
3,1,SLOW_2PC,341.058629,964.937311
3,1,SLOW_2PC,341.244184,980.196266
3,1,SLOW_2PC,340.957012,742.906868
3,1,SLOW_2PC,340.863235,905.374580
3,1,SLOW_2PC,340.944400,998.340275
3,1,SLOW_2PC,341.143285,984.002856
3,1,SLOW_2PC,340.929679,962.706198
3,0,SLOW_2PC,253.141961,inf
3,1,SLOW_2PC,340.939273,766.215907
3,1,SLOW_2PC,341.098472,940.911090
3,1,SLOW_2PC,341.020646,876.204928
3,1,SLOW_2PC,340.580597,857.034657
3,1,SLOW_2PC,341.327225,901.044734
3,1,SLOW_2PC,340.388119,886.701898
3,1,SLOW_2PC,340.870594,978.796009
3,1,SLOW_2PC,341.062891,953.819442
3,1,SLOW_2PC,340.743018,904.964548
3,1,SLOW_2PC,341.353228,875.054667
3,1,SLOW_2PC,340.829159,989.944737
3,1,SLOW_2PC,340.448189,1023.792492
3,1,SLOW_2PC,340.643168,1034.368550
3,1,SLOW_2PC,340.574153,1014.618761
3,1,SLOW_2PC,341.379886,834.198147
3,1,SLOW_2PC,340.982148,949.973996
3,1,SLOW_2PC,340.897732,980.605750
3,1,SLOW_2PC,340.780054,875.209179
3,1,SLOW_2PC,340.927362,967.879150
3,1,SLOW_2PC,341.121174,1006.445172
3,1,SLOW_2PC,340.962598,1001.513067
3,1,SLOW_2PC,340.761538,946.077516
3,1,SLOW_2PC,340.807728,899.870966
3,1,SLOW_2PC,341.105939,969.165438
3,1,SLOW_2PC,340.824377,900.697782
3,1,SLOW_2PC,340.568230,931.388395
3,1,SLOW_2PC,341.119767,999.535278
3,0,SLOW_2PC,82.503113,inf
3,0,SLOW_2PC,82.714699,inf
3,1,SLOW_2PC,340.611081,1013.639278
3,1,SLOW_2PC,340.799449,938.927246
3,1,SLOW_2PC,340.809661,1040.396037
3,1,SLOW_2PC,341.351806,986.356817
3,1,SLOW_2PC,341.269087,823.912233
3,1,SLOW_2PC,340.734404,902.283737
3,1,SLOW_2PC,340.880433,879.603174
3,1,SLOW_2PC,341.452392,906.968602
3,1,SLOW_2PC,340.693583,949.341141
3,1,SLOW_2PC,341.074062,873.405413
3,1,SLOW_2PC,340.659768,834.124634
3,1,SLOW_2PC,341.361179,1022.356134
3,1,SLOW_2PC,341.006162,949.547092
3,1,SLOW_2PC,341.075044,885.618302
3,1,SLOW_2PC,340.522326,812.356917
3,1,SLOW_2PC,340.894158,755.360544
3,1,SLOW_2PC,341.068867,971.637918
3,1,SLOW_2PC,341.117874,919.656538
3,1,SLOW_2PC,341.368948,959.318166
3,1,SLOW_2PC,341.181961,923.606235
3,1,SLOW_2PC,340.684143,975.630063
3,1,SLOW_2PC,341.149739,819.526534
3,1,SLOW_2PC,341.357776,845.229260
3,1,SLOW_2PC,341.753358,840.963527
3,1,SLOW_2PC,340.714910,964.159556
3,1,SLOW_2PC,340.958687,934.919077
3,1,SLOW_2PC,341.318686,985.575177
3,1,SLOW_2PC,341.157441,898.122627
3,1,SLOW_2PC,341.086247,969.723304
3,1,SLOW_2PC,341.090963,924.410667
3,1,SLOW_2PC,340.763621,956.876794
3,1,SLOW_2PC,340.780152,1049.172114
3,1,SLOW_2PC,340.639023,999.294299
3,1,SLOW_2PC,341.091685,985.233985
3,1,SLOW_2PC,340.638167,1005.899594
3,1,SLOW_2PC,340.982065,950.310098
3,1,SLOW_2PC,340.823169,1024.182450
3,1,SLOW_2PC,340.771521,929.713694
3,1,SLOW_2PC,340.989057,999.637119
3,1,SLOW_2PC,340.696289,1008.105754
3,1,SLOW_2PC,341.143803,976.194779
3,1,SLOW_2PC,340.569799,1030.102822
3,1,SLOW_2PC,340.717873,989.639220
3,1,SLOW_2PC,340.929247,1035.468613
3,0,SLOW_2PC,82.945375,inf
3,1,SLOW_2PC,340.587815,861.761373
3,1,SLOW_2PC,340.806178,842.518629
3,1,SLOW_2PC,341.189670,916.331250
3,1,SLOW_2PC,341.149060,990.899842
3,1,SLOW_2PC,340.499074,1011.309475
3,1,SLOW_2PC,340.515016,1013.243538
3,1,SLOW_2PC,340.940319,746.382209
3,1,SLOW_2PC,340.914058,981.014339
3,0,SLOW_2PC,82.872723,inf
3,1,SLOW_2PC,341.029654,876.944813
3,1,SLOW_2PC,340.620437,956.386160
3,1,SLOW_2PC,340.585857,727.946701
3,1,SLOW_2PC,340.859742,830.946496
3,1,SLOW_2PC,341.235435,862.345941
3,1,SLOW_2PC,340.954159,880.977991
3,1,SLOW_2PC,340.790258,809.203226
3,1,SLOW_2PC,340.771100,690.091259
3,0,SLOW_2PC,82.601007,inf
3,1,SLOW_2PC,341.261947,815.836387
3,1,SLOW_2PC,341.025323,765.857020
3,1,SLOW_2PC,340.564913,874.382898
3,1,SLOW_2PC,341.330694,692.820006
3,1,SLOW_2PC,340.922250,811.699764
3,1,SLOW_2PC,340.974395,849.982351
3,1,SLOW_2PC,340.438671,907.127003
3,1,SLOW_2PC,341.675324,1048.655396
3,1,SLOW_2PC,340.389988,921.238573
3,1,SLOW_2PC,340.881183,891.839122
3,1,SLOW_2PC,340.720696,862.100895
3,1,SLOW_2PC,340.661099,923.070141
3,1,SLOW_2PC,340.572818,973.068841
3,1,SLOW_2PC,341.031101,1178.414124
4,1,SLOW_2PC,864.648745,1182.933916
4,1,SLOW_2PC,864.906560,1127.197645
4,0,SLOW_2PC,82.795107,inf
4,1,SLOW_2PC,863.916506,1346.453472
4,1,SLOW_2PC,864.293306,1227.269881
4,1,SLOW_2PC,864.019886,1282.144323
4,1,SLOW_2PC,864.253681,1283.524693
4,1,SLOW_2PC,863.743221,1219.376994
4,1,SLOW_2PC,864.259186,1345.689145
4,1,SLOW_2PC,864.573040,1418.939577
4,1,SLOW_2PC,863.815390,1243.858055
4,1,SLOW_2PC,863.893372,1216.010959
4,1,SLOW_2PC,863.853245,1320.281082
4,1,SLOW_2PC,863.928211,1518.819501
4,1,SLOW_2PC,864.040880,1630.541666
4,1,SLOW_2PC,864.429838,1581.900712
4,1,SLOW_2PC,864.143676,1527.971167
4,1,SLOW_2PC,864.184738,1174.117896
4,1,SLOW_2PC,864.656936,1282.823650
4,1,SLOW_2PC,864.062854,1363.144572
4,1,SLOW_2PC,864.229835,1126.684554
4,1,SLOW_2PC,863.985294,1289.121182
4,1,SLOW_2PC,864.439226,1367.643023
4,1,SLOW_2PC,863.777529,1275.251830
4,1,SLOW_2PC,864.045672,1314.891164
4,1,SLOW_2PC,864.195677,1180.245218
4,1,SLOW_2PC,863.834112,1229.600569
4,1,SLOW_2PC,864.641031,1512.076134
4,1,SLOW_2PC,864.011502,1297.918431
4,1,SLOW_2PC,864.715484,1527.695158
4,1,SLOW_2PC,864.216213,1126.301771
4,1,SLOW_2PC,863.750197,1169.190840
4,1,SLOW_2PC,864.542014,1246.526903
4,1,SLOW_2PC,864.389986,1290.286716
4,1,SLOW_2PC,864.170592,1263.530961
4,1,SLOW_2PC,863.805237,1318.462302
4,1,SLOW_2PC,865.299583,1127.893857
4,1,SLOW_2PC,864.189596,1390.048233
4,1,SLOW_2PC,863.820086,1343.194053
4,1,SLOW_2PC,864.069476,1354.740701
4,1,SLOW_2PC,864.707725,1349.675056
4,1,SLOW_2PC,864.346103,1358.982214
4,1,SLOW_2PC,863.972516,1303.971480
4,1,SLOW_2PC,863.739090,1126.250490
4,1,SLOW_2PC,864.384271,1378.325863
4,1,SLOW_2PC,864.345408,1224.986759
4,1,SLOW_2PC,864.077326,1218.576484
4,1,SLOW_2PC,864.316740,1301.011800
4,1,SLOW_2PC,864.196630,1143.310242
4,0,SLOW_2PC,82.544334,inf
4,1,SLOW_2PC,863.778797,1340.991196
4,1,SLOW_2PC,864.298479,1289.966544
4,1,SLOW_2PC,863.919350,1320.030104
4,1,SLOW_2PC,864.716840,1228.178747
4,1,SLOW_2PC,864.149508,1272.424001
4,1,SLOW_2PC,864.166147,1156.731228
4,1,SLOW_2PC,864.832416,1159.980507
4,1,SLOW_2PC,864.744021,1372.286095
4,1,SLOW_2PC,864.416277,1281.992048
4,1,SLOW_2PC,864.467496,1359.334167
4,1,SLOW_2PC,864.461164,1382.642271
4,1,SLOW_2PC,864.670953,1451.979945
4,1,SLOW_2PC,864.372079,1254.054909
4,1,SLOW_2PC,864.542705,1305.194196
4,1,SLOW_2PC,864.083181,1316.257838
4,0,SLOW_2PC,602.913631,inf
4,1,SLOW_2PC,864.092443,1395.607481
4,1,SLOW_2PC,864.064003,1349.671294
4,1,SLOW_2PC,865.343627,1484.752709
4,1,SLOW_2PC,864.639573,1382.434015
4,1,SLOW_2PC,864.161774,1360.750476
4,1,SLOW_2PC,865.382930,1451.058298
4,1,SLOW_2PC,864.271700,1292.858138
4,1,SLOW_2PC,864.478943,1127.360487
4,1,SLOW_2PC,863.879095,1466.460237
4,1,SLOW_2PC,864.039737,1493.218720
4,1,SLOW_2PC,863.996713,1388.244678
4,1,SLOW_2PC,864.068911,1401.880749
4,1,SLOW_2PC,864.349199,1372.239834
4,1,SLOW_2PC,864.575034,1461.711765
4,1,SLOW_2PC,863.742072,1450.153832
4,1,SLOW_2PC,864.605227,1424.190703
4,1,SLOW_2PC,864.584823,1127.029724
4,1,SLOW_2PC,863.577741,1482.520583
4,1,SLOW_2PC,864.018910,1491.362972
4,1,SLOW_2PC,864.645718,1505.356492
4,0,SLOW_2PC,253.244264,inf
4,1,SLOW_2PC,864.339493,1376.992374
4,1,SLOW_2PC,864.102222,1389.960798
4,1,SLOW_2PC,864.717454,1400.859158
4,0,SLOW_2PC,82.874182,inf
4,1,SLOW_2PC,863.652817,1339.970007
4,1,SLOW_2PC,864.733215,1127.548359
4,1,SLOW_2PC,864.116770,1468.593335
4,1,SLOW_2PC,864.753120,1347.116643
4,1,SLOW_2PC,864.209554,1402.960968
4,1,SLOW_2PC,864.031950,1371.641739
4,1,SLOW_2PC,864.237114,1286.631338
4,1,SLOW_2PC,864.573678,1449.242758
4,1,SLOW_2PC,863.722570,1346.389597
4,1,SLOW_2PC,864.024560,1347.934532
4,1,SLOW_2PC,864.221689,1386.091016
4,1,SLOW_2PC,863.815493,1369.340398
4,1,SLOW_2PC,864.671750,1127.306404
4,0,SLOW_2PC,82.790834,inf
4,1,SLOW_2PC,864.417109,1351.221049
4,1,SLOW_2PC,863.760107,1222.123483
4,1,SLOW_2PC,864.138098,1290.390271
4,1,SLOW_2PC,864.786425,1127.210554
4,1,SLOW_2PC,864.726756,1375.038670
4,1,SLOW_2PC,864.209919,1197.204472
4,1,SLOW_2PC,864.022276,1248.264911
4,1,SLOW_2PC,864.114470,1298.462550
4,1,SLOW_2PC,864.151375,1297.199424
4,1,SLOW_2PC,864.481743,1369.888264
4,1,SLOW_2PC,864.408504,1275.578452
4,1,SLOW_2PC,864.290805,1343.292081
4,1,SLOW_2PC,864.469858,1303.605618
4,1,SLOW_2PC,864.531945,1276.789157
4,1,SLOW_2PC,864.420684,1147.419940
4,1,SLOW_2PC,864.275185,1339.755815
4,1,SLOW_2PC,864.264264,1327.005693
4,1,SLOW_2PC,864.138838,1406.713242
4,1,SLOW_2PC,863.661699,1360.848309
4,0,SLOW_2PC,82.649919,inf
4,1,SLOW_2PC,864.148372,1270.812951
4,1,SLOW_2PC,864.419803,1375.865003
4,1,SLOW_2PC,863.772850,1202.480859
4,1,SLOW_2PC,863.932486,1336.320716
4,1,SLOW_2PC,864.846879,1127.156079
4,1,SLOW_2PC,864.397508,1461.055763
4,1,SLOW_2PC,863.647558,1431.669154
4,1,SLOW_2PC,863.861048,1385.528108
4,1,SLOW_2PC,863.596351,1459.697767
4,1,SLOW_2PC,864.171686,1379.503059
4,1,SLOW_2PC,864.270900,1395.605111
4,1,SLOW_2PC,864.438201,1427.405125
4,1,SLOW_2PC,863.996846,1300.744384
4,1,SLOW_2PC,864.521921,1126.814348
4,1,SLOW_2PC,864.256121,1404.394290
4,1,SLOW_2PC,865.016510,1434.234266
4,1,SLOW_2PC,864.416328,1236.595469
4,1,SLOW_2PC,863.739240,1326.467272
4,1,SLOW_2PC,864.014887,1331.004985
4,1,SLOW_2PC,863.967089,1261.354277
4,1,SLOW_2PC,864.196236,1282.528370
4,1,SLOW_2PC,863.824014,1363.718203
4,1,SLOW_2PC,864.656135,1417.031701
4,1,SLOW_2PC,864.281942,1241.564093
4,1,SLOW_2PC,864.033790,1293.788890
4,1,SLOW_2PC,864.246025,1230.202287
4,1,SLOW_2PC,864.554232,1282.064077
4,1,SLOW_2PC,864.911582,1350.960107
4,1,SLOW_2PC,863.861980,1164.239813
4,1,SLOW_2PC,864.261693,1145.161754
4,1,SLOW_2PC,864.137033,1126.343396
4,1,SLOW_2PC,863.818891,1200.554118
4,1,SLOW_2PC,864.556012,1214.314812
4,1,SLOW_2PC,864.344405,1276.250624
4,1,SLOW_2PC,864.909585,1165.955123
4,1,SLOW_2PC,864.481278,1356.523996
4,1,SLOW_2PC,864.708156,1126.923802
4,1,SLOW_2PC,864.289871,1238.522243
4,1,SLOW_2PC,864.706059,1175.715977
4,1,SLOW_2PC,864.332197,1157.358862
4,1,SLOW_2PC,864.349773,1133.822326
4,1,SLOW_2PC,864.750709,1211.799251
4,1,SLOW_2PC,864.068464,1363.068280
4,1,SLOW_2PC,863.768036,1376.008446
4,1,SLOW_2PC,864.237359,1197.006053
4,1,SLOW_2PC,864.359768,1126.546792
4,1,SLOW_2PC,863.662454,1172.415879
4,1,SLOW_2PC,864.097206,1196.172588
4,1,SLOW_2PC,863.861420,1126.112652
4,1,SLOW_2PC,864.576749,1217.637775
4,1,SLOW_2PC,863.609968,1406.641710
4,1,SLOW_2PC,864.330984,1291.356777
4,1,SLOW_2PC,863.691815,1276.601907
4,1,SLOW_2PC,863.860844,1219.525169
4,1,SLOW_2PC,864.398079,1152.803824
4,0,SLOW_2PC,253.463019,inf
4,1,SLOW_2PC,864.243258,1222.078757
4,1,SLOW_2PC,864.439494,1430.490149
4,1,SLOW_2PC,864.502453,1259.472151
4,1,SLOW_2PC,864.287898,1326.296627
4,0,SLOW_2PC,82.676507,inf
4,1,SLOW_2PC,864.576077,1177.923537
4,1,SLOW_2PC,865.004387,1329.344522
4,1,SLOW_2PC,864.141236,1237.345445
4,1,SLOW_2PC,864.004513,1302.740788
4,1,SLOW_2PC,864.264011,1319.664210
4,1,SLOW_2PC,864.447342,1399.546091
4,1,SLOW_2PC,863.997694,1242.722202
4,1,SLOW_2PC,864.026135,1221.369321
4,1,SLOW_2PC,864.103324,1149.339498
4,1,SLOW_2PC,864.650595,1191.448203
4,1,SLOW_2PC,864.351725,1126.642412
4,1,SLOW_2PC,863.848591,1347.803959
4,1,SLOW_2PC,864.434468,1287.265545
4,1,SLOW_2PC,864.096126,1378.396524
4,1,SLOW_2PC,864.531758,1398.979628
4,1,SLOW_2PC,864.140821,1342.124109
4,1,SLOW_2PC,864.586612,1345.894670
4,1,SLOW_2PC,864.361042,1333.568107
4,1,SLOW_2PC,863.925433,1314.778064
4,1,SLOW_2PC,864.383111,1255.996981
4,1,SLOW_2PC,864.316625,1425.422425
4,1,SLOW_2PC,864.137395,1126.471585
4,1,SLOW_2PC,864.785550,1236.117981
4,1,SLOW_2PC,864.408314,1352.057440
4,1,SLOW_2PC,864.079560,1192.602408
4,1,SLOW_2PC,864.469726,1286.993209
4,0,SLOW_2PC,82.686242,inf
4,1,SLOW_2PC,864.125321,1382.166488
4,1,SLOW_2PC,864.567109,1336.649586
4,1,SLOW_2PC,864.745613,1261.602456
4,1,SLOW_2PC,864.276673,1203.233053
4,1,SLOW_2PC,864.658702,1306.532042
4,1,SLOW_2PC,864.578067,1352.442372
4,1,SLOW_2PC,864.514252,1375.995103
4,1,SLOW_2PC,864.327398,1335.215780
4,1,SLOW_2PC,864.547185,1409.878531
4,1,SLOW_2PC,864.229567,1375.595459
4,1,SLOW_2PC,864.138467,1460.038221
4,1,SLOW_2PC,864.132893,1410.959275
4,1,SLOW_2PC,863.716133,1194.059722
4,1,SLOW_2PC,865.249372,1228.017575
4,1,SLOW_2PC,864.531828,1127.055205
4,1,SLOW_2PC,864.700332,1350.926025
4,1,SLOW_2PC,863.852609,1484.718056
4,1,SLOW_2PC,864.033225,1503.145048
4,0,SLOW_2PC,602.434719,inf
4,1,SLOW_2PC,864.784562,1255.586692
4,1,SLOW_2PC,864.485399,1364.063502
4,1,SLOW_2PC,864.478870,1290.669721
4,1,SLOW_2PC,865.161648,1127.403257
4,1,SLOW_2PC,864.266756,1430.624035
4,1,SLOW_2PC,863.828308,1446.511449
4,1,SLOW_2PC,864.075561,1384.684068
4,1,SLOW_2PC,863.693832,1437.427664
4,0,SLOW_2PC,82.908818,inf
4,1,SLOW_2PC,864.029364,1323.050705
4,1,SLOW_2PC,864.823467,1480.101485
4,1,SLOW_2PC,864.467014,1341.610091
4,1,SLOW_2PC,864.126846,1283.316811
4,1,SLOW_2PC,863.595684,1406.512490
4,1,SLOW_2PC,864.164788,1394.541573
4,1,SLOW_2PC,864.930511,1163.055232
4,1,SLOW_2PC,865.240643,1436.436757
4,0,SLOW_2PC,82.696648,inf
4,1,SLOW_2PC,864.032778,1399.117105
4,1,SLOW_2PC,864.606293,1401.043658
4,1,SLOW_2PC,864.042902,1355.053640
4,1,SLOW_2PC,863.730037,1384.949505
4,1,SLOW_2PC,863.957500,1376.804755
4,0,SLOW_2PC,82.788043,inf
4,1,SLOW_2PC,863.721705,1399.051827
4,1,SLOW_2PC,864.275013,1465.429891
4,1,SLOW_2PC,863.806438,1330.855070
4,1,SLOW_2PC,864.843276,1127.328722
4,0,SLOW_2PC,82.675795,inf
4,1,SLOW_2PC,865.520518,1391.691380
4,1,SLOW_2PC,864.673972,1369.003330
4,1,SLOW_2PC,863.982590,1338.744884
4,1,SLOW_2PC,863.951285,1345.846825
4,1,SLOW_2PC,864.534969,1344.980695
4,1,SLOW_2PC,865.253157,1374.184995
4,1,SLOW_2PC,863.738326,1331.412618
4,1,SLOW_2PC,865.005422,1426.340086
4,1,SLOW_2PC,864.711367,1126.865525
4,1,SLOW_2PC,864.859728,1370.455729
4,1,SLOW_2PC,863.918607,1181.939986
4,1,SLOW_2PC,864.440339,1245.544003
4,0,SLOW_2PC,82.755129,inf
4,1,SLOW_2PC,863.665235,1125.845885
4,1,SLOW_2PC,864.348219,1152.317362
4,1,SLOW_2PC,864.413027,1187.215667
4,1,SLOW_2PC,864.144542,1287.721478
4,0,SLOW_2PC,82.867206,inf
4,1,SLOW_2PC,864.681867,1437.593614
4,1,SLOW_2PC,863.796401,1337.512870
4,1,SLOW_2PC,864.665828,1362.182727
4,1,SLOW_2PC,863.817966,1280.692452
4,1,SLOW_2PC,864.417831,1273.151378
4,1,SLOW_2PC,864.435972,1313.552494
4,1,SLOW_2PC,864.286769,1251.438088
4,1,SLOW_2PC,864.716549,1202.111897
4,1,SLOW_2PC,864.254187,1243.922838
4,1,SLOW_2PC,864.691675,1127.329818
4,1,SLOW_2PC,864.787486,1269.090815
4,1,SLOW_2PC,864.739566,1331.823027
4,1,SLOW_2PC,864.136000,1303.722209
4,1,SLOW_2PC,864.745608,1328.847804
4,1,SLOW_2PC,864.579320,1205.582424
4,1,SLOW_2PC,864.523178,1165.916990
4,1,SLOW_2PC,864.540860,1176.707222
4,1,SLOW_2PC,864.725458,1242.202195
4,1,SLOW_2PC,865.134865,1259.305686
4,1,SLOW_2PC,864.220701,1127.035507
4,1,SLOW_2PC,864.801887,1247.162509
4,1,SLOW_2PC,864.549169,1234.699015
4,1,SLOW_2PC,864.904310,1304.007829
4,1,SLOW_2PC,864.733498,1128.576348
4,1,SLOW_2PC,864.387893,1191.512653
4,1,SLOW_2PC,865.248498,1261.374337
4,1,SLOW_2PC,865.426261,1160.112301
4,1,SLOW_2PC,864.937885,1224.576431
4,1,SLOW_2PC,863.993873,1209.249090
4,1,SLOW_2PC,864.606474,1241.436164
4,1,SLOW_2PC,864.826917,1232.507873
4,0,SLOW_2PC,82.831874,inf
4,1,SLOW_2PC,865.012622,1532.383788
4,1,SLOW_2PC,864.697150,1183.486231
4,1,SLOW_2PC,864.816088,1171.126289
4,1,SLOW_2PC,864.857139,1179.495423
4,1,SLOW_2PC,864.841552,1127.870281
4,1,SLOW_2PC,864.717424,1250.497718
4,1,SLOW_2PC,864.290048,1265.194012
4,1,SLOW_2PC,865.009321,1192.837825
4,1,SLOW_2PC,864.483497,1178.361686
4,1,SLOW_2PC,865.037631,1202.634330
4,1,SLOW_2PC,864.472634,1274.239223
4,1,SLOW_2PC,864.845671,1342.005243
4,1,SLOW_2PC,864.806686,1316.412393
4,1,SLOW_2PC,864.529393,1201.515607
4,1,SLOW_2PC,864.540022,1294.227061
4,1,SLOW_2PC,865.085128,1142.320979
4,1,SLOW_2PC,864.623490,1189.251290
4,1,SLOW_2PC,864.144169,1253.389200
4,1,SLOW_2PC,864.396941,1240.821849
4,1,SLOW_2PC,864.288822,1126.567062
4,1,SLOW_2PC,863.987210,1156.478421
4,1,SLOW_2PC,865.011165,1304.723091
4,1,SLOW_2PC,864.299262,1170.766830
4,1,SLOW_2PC,863.469651,1230.474605
4,0,SLOW_2PC,83.112039,inf
4,1,SLOW_2PC,864.690147,1233.658797
4,1,SLOW_2PC,865.386326,1240.285162
4,1,SLOW_2PC,864.634041,1168.421863
4,1,SLOW_2PC,864.148349,1162.225524
4,1,SLOW_2PC,863.915866,1178.990474
4,1,SLOW_2PC,864.749677,1284.851508
4,1,SLOW_2PC,864.161741,1186.175528
4,1,SLOW_2PC,863.980621,1251.516019
4,1,SLOW_2PC,864.267080,1361.539116
4,1,SLOW_2PC,864.816597,1267.604349
4,1,SLOW_2PC,864.780441,1343.572209
4,1,SLOW_2PC,863.910707,1126.132179
4,1,SLOW_2PC,864.060228,1198.509054
4,0,SLOW_2PC,252.518611,inf
4,1,SLOW_2PC,864.342839,1223.842478
4,1,SLOW_2PC,863.766808,1261.005900
4,1,SLOW_2PC,864.908035,1156.110451
4,0,SLOW_2PC,253.218994,inf
4,1,SLOW_2PC,864.582758,1266.315931
4,1,SLOW_2PC,864.365374,1367.843624
4,1,SLOW_2PC,865.015128,1262.511814
4,1,SLOW_2PC,863.941149,1314.046555
4,1,SLOW_2PC,863.797557,1408.386547
4,1,SLOW_2PC,864.212625,1280.439758
4,1,SLOW_2PC,864.040570,1316.533639
4,1,SLOW_2PC,864.485443,1374.977133
4,1,SLOW_2PC,864.022247,1340.944031
4,1,SLOW_2PC,864.498011,1416.615861
4,1,SLOW_2PC,863.684357,1249.436315
4,1,SLOW_2PC,864.190473,1315.843177
4,0,SLOW_2PC,253.009889,inf
4,1,SLOW_2PC,863.899142,1354.862299
4,1,SLOW_2PC,864.645850,1473.363283
4,1,SLOW_2PC,864.274084,1399.015453
4,1,SLOW_2PC,864.253647,1419.969291
4,1,SLOW_2PC,864.304942,1353.825486
4,1,SLOW_2PC,863.970410,1126.277299
4,1,SLOW_2PC,863.989421,1534.426820
4,1,SLOW_2PC,864.045043,1294.290461
4,1,SLOW_2PC,864.184998,1479.792443
4,1,SLOW_2PC,863.889453,1404.745769
4,1,SLOW_2PC,863.382234,1387.191935
4,1,SLOW_2PC,863.539485,1397.240888
4,1,SLOW_2PC,865.036801,1354.868675
4,1,SLOW_2PC,864.160835,1414.578787
4,1,SLOW_2PC,864.948448,1433.452145
4,1,SLOW_2PC,864.199328,1211.990129
4,1,SLOW_2PC,864.566932,1146.968197
4,0,SLOW_2PC,82.674841,inf
4,0,SLOW_2PC,602.618319,inf
4,0,SLOW_2PC,82.985373,inf
4,1,SLOW_2PC,863.906115,1449.166981
4,1,SLOW_2PC,864.280014,1372.482793
4,1,SLOW_2PC,864.574638,1348.765806
4,1,SLOW_2PC,864.748637,1300.195704
4,1,SLOW_2PC,864.121054,1248.697183
4,1,SLOW_2PC,864.068930,1404.250588
4,1,SLOW_2PC,864.268934,1141.060441
4,1,SLOW_2PC,864.321721,1214.500836
4,1,SLOW_2PC,863.579581,1437.384530
4,1,SLOW_2PC,864.030680,1395.514274
4,1,SLOW_2PC,864.424127,1304.750349
4,1,SLOW_2PC,864.119705,1152.137005
4,1,SLOW_2PC,864.393771,1220.664789
4,1,SLOW_2PC,864.265822,1376.665448
4,1,SLOW_2PC,864.147952,1126.847019
4,1,SLOW_2PC,863.855810,1466.963662
4,1,SLOW_2PC,864.191756,1465.806956
4,1,SLOW_2PC,864.386603,1465.332002
4,1,SLOW_2PC,865.325201,1329.581909
4,1,SLOW_2PC,864.542638,1406.689996
4,1,SLOW_2PC,864.641138,1319.533212
4,1,SLOW_2PC,864.012625,1293.904611
4,1,SLOW_2PC,863.837087,1282.717047
4,1,SLOW_2PC,864.342371,1293.269108
4,1,SLOW_2PC,864.352025,1398.280753
4,1,SLOW_2PC,864.171489,1403.449153
4,1,SLOW_2PC,864.737320,1456.290980
4,1,SLOW_2PC,864.912243,1466.453512
4,1,SLOW_2PC,864.310163,1384.758204
4,1,SLOW_2PC,864.316806,1406.875960
4,1,SLOW_2PC,864.129136,1315.670588
4,1,SLOW_2PC,864.623705,1338.980215
4,1,SLOW_2PC,864.505442,1434.024079
4,1,SLOW_2PC,864.414713,1373.431575
4,1,SLOW_2PC,864.298935,1354.779009
4,1,SLOW_2PC,864.468519,1395.518704
4,1,SLOW_2PC,864.806187,1145.236695
4,1,SLOW_2PC,864.329947,1221.668481
4,1,SLOW_2PC,864.285763,1281.521008
4,1,SLOW_2PC,864.135652,1444.129533
4,1,SLOW_2PC,864.189384,1403.809712
4,1,SLOW_2PC,864.177090,1336.637584
4,1,SLOW_2PC,864.742957,1323.957234
4,1,SLOW_2PC,865.001318,1444.035127
4,1,SLOW_2PC,864.488843,1445.481835
4,1,SLOW_2PC,864.148822,1393.381024
4,1,SLOW_2PC,864.106295,1434.373486
4,1,SLOW_2PC,863.798952,1281.451453
4,1,SLOW_2PC,864.082198,1490.345459
4,1,SLOW_2PC,864.794837,1418.649028
4,1,SLOW_2PC,864.394180,1423.688460
4,1,SLOW_2PC,864.851410,1465.182501
4,1,SLOW_2PC,864.279505,1126.545383
4,1,SLOW_2PC,864.785555,1368.886098
4,1,SLOW_2PC,864.145099,1353.553376
4,1,SLOW_2PC,864.669444,1283.410705
4,1,SLOW_2PC,864.537760,1402.981981
4,1,SLOW_2PC,863.962081,1415.355106
4,1,SLOW_2PC,864.491419,1384.567970
4,1,SLOW_2PC,864.238149,1221.800763
4,1,SLOW_2PC,864.227778,1463.059288
4,1,SLOW_2PC,864.313811,1293.340836
4,1,SLOW_2PC,864.077628,1371.189904
4,1,SLOW_2PC,864.050726,1317.328577
4,1,SLOW_2PC,864.274480,1420.649951
4,1,SLOW_2PC,864.251474,1373.204919
4,1,SLOW_2PC,864.202012,1434.102172
4,1,SLOW_2PC,864.937320,1441.550622
4,1,SLOW_2PC,864.479144,1370.494791
4,1,SLOW_2PC,864.392749,1289.702012
4,1,SLOW_2PC,864.220701,1305.643036
4,1,SLOW_2PC,864.240352,1290.679890
4,0,SLOW_2PC,82.602468,inf
4,1,SLOW_2PC,864.660133,1437.135757
4,1,SLOW_2PC,864.125186,1405.182956
4,0,SLOW_2PC,253.020995,inf
4,1,SLOW_2PC,864.472772,1387.633070
4,1,SLOW_2PC,864.697910,1419.207561
4,1,SLOW_2PC,864.201278,1277.774759
4,1,SLOW_2PC,863.866418,1354.512424
4,1,SLOW_2PC,864.497225,1165.515800
4,1,SLOW_2PC,863.992934,1197.714168
4,0,SLOW_2PC,82.584821,inf
4,1,SLOW_2PC,863.788795,1417.424597
4,1,SLOW_2PC,864.898065,1483.440486
4,1,SLOW_2PC,864.492158,1372.730918
4,1,SLOW_2PC,864.024257,1259.371260
4,1,SLOW_2PC,864.273098,1126.419835
4,1,SLOW_2PC,864.186262,1448.296284
4,1,SLOW_2PC,865.462227,1185.755375
4,1,SLOW_2PC,864.389971,1311.812956
4,1,SLOW_2PC,864.131820,1397.790114
4,1,SLOW_2PC,863.874079,1204.563499
4,1,SLOW_2PC,864.426894,1298.922527
4,1,SLOW_2PC,864.155522,1440.601421
4,1,SLOW_2PC,863.991604,1293.208678
4,1,SLOW_2PC,863.816723,1338.952907
4,1,SLOW_2PC,863.606927,1198.326344
4,1,SLOW_2PC,864.232332,1251.326614
4,0,SLOW_2PC,252.999073,inf
4,1,SLOW_2PC,864.303651,1363.931471
4,1,SLOW_2PC,864.089847,1430.575095
4,1,SLOW_2PC,864.035912,1304.836038
4,1,SLOW_2PC,864.194125,1433.945898
4,1,SLOW_2PC,864.748776,1381.034112
4,1,SLOW_2PC,863.903683,1260.309240
4,1,SLOW_2PC,864.615362,1246.601449
4,1,SLOW_2PC,864.828052,1267.078876
4,1,SLOW_2PC,864.390304,1443.991029
4,1,SLOW_2PC,865.404908,1396.798150
4,1,SLOW_2PC,865.637854,1481.460584
4,1,SLOW_2PC,864.857689,1324.856592
4,1,SLOW_2PC,864.024657,1126.308534
4,1,SLOW_2PC,865.558044,1391.462575
4,1,SLOW_2PC,865.222001,1393.752396
4,1,SLOW_2PC,864.447802,1449.028565
4,1,SLOW_2PC,864.511105,1423.844615
4,1,SLOW_2PC,864.952777,1347.587220
4,1,SLOW_2PC,865.174040,1442.744973
4,1,SLOW_2PC,864.612986,1281.453628
4,1,SLOW_2PC,864.042658,1126.244726
4,1,SLOW_2PC,864.383579,1367.500048
4,1,SLOW_2PC,864.946444,1358.343608
4,1,SLOW_2PC,863.757901,1263.465322
4,1,SLOW_2PC,864.254054,1248.328903
4,1,SLOW_2PC,864.255911,1343.673083
4,1,SLOW_2PC,864.547953,1252.881392
4,1,SLOW_2PC,864.391717,1314.635811
4,1,SLOW_2PC,864.048791,1305.336853
4,1,SLOW_2PC,864.905972,1377.921645
4,1,SLOW_2PC,864.292435,1266.413836
4,1,SLOW_2PC,864.357923,1241.624975
4,1,SLOW_2PC,864.392267,1127.293146
4,1,SLOW_2PC,864.019487,1324.772526
4,1,SLOW_2PC,864.020548,1338.601884
4,1,SLOW_2PC,864.017295,1126.640116
4,1,SLOW_2PC,864.062813,1208.127204
4,1,SLOW_2PC,864.270415,1288.269734
4,1,SLOW_2PC,863.717496,1241.048624
4,1,SLOW_2PC,864.090447,1276.133438
4,1,SLOW_2PC,864.043586,1147.738463
4,1,SLOW_2PC,864.400142,1444.290001
4,1,SLOW_2PC,864.652984,1233.079869
4,1,SLOW_2PC,864.178965,1326.254575
4,1,SLOW_2PC,864.420261,1292.950610
4,1,SLOW_2PC,864.444379,1160.102868
4,1,SLOW_2PC,864.537131,1198.797980
4,1,SLOW_2PC,864.120830,1226.200261
4,1,SLOW_2PC,864.453751,1304.375439
4,1,SLOW_2PC,864.827197,1349.170392
4,0,SLOW_2PC,82.677782,inf
4,0,SLOW_2PC,252.939488,inf
4,1,SLOW_2PC,865.204304,1352.625896
4,1,SLOW_2PC,864.743721,1263.529360
4,1,SLOW_2PC,864.033291,1126.694574
4,1,SLOW_2PC,865.536483,1310.084998
4,1,SLOW_2PC,864.032182,1260.075806
4,1,SLOW_2PC,863.978178,1188.725993
4,1,SLOW_2PC,864.853299,1170.687974
4,1,SLOW_2PC,864.155414,1502.842509
4,1,SLOW_2PC,864.420909,1175.667345
4,1,SLOW_2PC,864.255441,1402.148242
4,1,SLOW_2PC,864.086145,1337.110294
4,1,SLOW_2PC,864.548255,1301.691329
4,1,SLOW_2PC,864.171128,1250.138394
4,1,SLOW_2PC,864.493449,1126.782835
4,1,SLOW_2PC,864.344291,1227.853058
4,1,SLOW_2PC,863.930873,1164.934367
4,1,SLOW_2PC,864.207423,1189.501207
4,1,SLOW_2PC,863.937307,1137.277026
4,1,SLOW_2PC,863.954302,1201.196306
4,1,SLOW_2PC,864.330150,1182.766328
4,1,SLOW_2PC,864.245976,1175.815599
4,1,SLOW_2PC,864.347023,1236.881462
4,1,SLOW_2PC,864.088870,1540.989150
4,1,SLOW_2PC,863.694709,1245.422310
4,1,SLOW_2PC,864.760803,1239.443140
4,1,SLOW_2PC,863.961563,1128.381295
4,1,SLOW_2PC,863.815937,1180.415339
4,1,SLOW_2PC,864.819794,1309.933792
4,0,SLOW_2PC,82.690920,inf
4,1,SLOW_2PC,864.345836,1297.072527
4,1,SLOW_2PC,864.262583,1296.601814
4,1,SLOW_2PC,864.079351,1331.345360
4,1,SLOW_2PC,863.894137,1386.671384
4,1,SLOW_2PC,864.590630,1248.667037
4,1,SLOW_2PC,863.615076,1331.214366
4,1,SLOW_2PC,864.115064,1181.728383
4,1,SLOW_2PC,863.996442,1277.731447
4,1,SLOW_2PC,864.643500,1127.386342
4,0,SLOW_2PC,82.602499,inf
4,1,SLOW_2PC,865.157065,1523.068021
4,1,SLOW_2PC,864.351664,1315.327632
4,1,SLOW_2PC,863.877700,1358.975897
4,1,SLOW_2PC,864.197430,1245.665280
4,1,SLOW_2PC,864.699102,1380.220374
4,1,SLOW_2PC,865.208552,1174.188744
4,1,SLOW_2PC,864.652349,1137.803937
4,1,SLOW_2PC,864.441989,1423.205373
4,1,SLOW_2PC,864.546429,1465.066250
4,1,SLOW_2PC,863.844127,1461.646479
4,1,SLOW_2PC,864.420806,1352.870551
4,1,SLOW_2PC,864.815591,1368.632883
4,1,SLOW_2PC,863.794203,1246.312230
4,1,SLOW_2PC,863.789791,1287.715196
4,1,SLOW_2PC,864.039403,1224.630285
4,1,SLOW_2PC,864.461704,1163.296311
4,0,SLOW_2PC,82.706070,inf
4,1,SLOW_2PC,864.090536,1365.340833
4,1,SLOW_2PC,863.763995,1352.664807
4,1,SLOW_2PC,864.185257,1407.568380
4,1,SLOW_2PC,864.467624,1361.459781
4,1,SLOW_2PC,864.203293,1383.149644
4,1,SLOW_2PC,864.277435,1225.267049
4,1,SLOW_2PC,864.081053,1288.784446
4,1,SLOW_2PC,864.670293,1127.075054
4,1,SLOW_2PC,864.467181,1404.082171
4,1,SLOW_2PC,863.906734,1331.654232
4,1,SLOW_2PC,864.230957,1369.106490
4,1,SLOW_2PC,864.029004,1220.387740
4,1,SLOW_2PC,864.018518,1299.142457
4,1,SLOW_2PC,863.742061,1145.219383
4,1,SLOW_2PC,864.011686,1216.987315
4,1,SLOW_2PC,863.836157,1332.136663
4,1,SLOW_2PC,864.461458,1280.341216
4,1,SLOW_2PC,863.891771,1384.491323
4,1,SLOW_2PC,864.369603,1337.561648
4,1,SLOW_2PC,864.247933,1274.424695
4,1,SLOW_2PC,864.644873,1206.892250
4,1,SLOW_2PC,864.299161,1207.130670
4,1,SLOW_2PC,864.128949,1326.790189
4,0,SLOW_2PC,82.786853,inf
4,1,SLOW_2PC,865.020057,1216.943525
4,1,SLOW_2PC,864.053358,1126.738099
4,1,SLOW_2PC,863.918561,1193.892096
4,1,SLOW_2PC,865.170360,1228.487179
4,1,SLOW_2PC,864.069487,1139.729754
4,1,SLOW_2PC,864.338413,1335.323601
4,1,SLOW_2PC,864.298910,1126.546070
4,1,SLOW_2PC,864.613803,1215.823083
4,1,SLOW_2PC,864.330401,1183.429677
4,1,SLOW_2PC,864.881589,1192.814728
4,1,SLOW_2PC,864.532455,1445.088110
4,1,SLOW_2PC,864.854431,1127.216314
4,0,SLOW_2PC,82.721322,inf
4,1,SLOW_2PC,864.429712,1216.286034
4,1,SLOW_2PC,863.784373,1199.697404
4,1,SLOW_2PC,864.877010,1143.569327
4,1,SLOW_2PC,864.895075,1207.471522
4,1,SLOW_2PC,864.042564,1342.073829
4,1,SLOW_2PC,863.866439,1387.131303
4,1,SLOW_2PC,864.186249,1412.084966
4,1,SLOW_2PC,863.964633,1366.318574
4,1,SLOW_2PC,864.570469,1132.861759
4,1,SLOW_2PC,863.971418,1325.243715
4,1,SLOW_2PC,864.267953,1190.506672
4,1,SLOW_2PC,864.340114,1245.174532
4,1,SLOW_2PC,863.797152,1156.644259
4,1,SLOW_2PC,864.105701,1300.642930
4,1,SLOW_2PC,863.874827,1126.068459
4,1,SLOW_2PC,864.390702,1301.201217
4,1,SLOW_2PC,863.969822,1375.467636
4,1,SLOW_2PC,863.975192,1304.271553
4,1,SLOW_2PC,864.245938,1252.169994
4,1,SLOW_2PC,863.882029,1179.113860
4,1,SLOW_2PC,864.545364,1233.287360
4,1,SLOW_2PC,864.371430,1233.635044
4,1,SLOW_2PC,863.857446,1244.890554
4,1,SLOW_2PC,864.025317,1192.755342
4,1,SLOW_2PC,864.454032,1126.822343
4,1,SLOW_2PC,864.359300,1309.598225
4,1,SLOW_2PC,866.318394,1211.216026
4,1,SLOW_2PC,863.771470,1285.563748
4,1,SLOW_2PC,864.322781,1293.687497
4,1,SLOW_2PC,865.025911,1243.417236
4,1,SLOW_2PC,864.607210,1164.334050
4,0,SLOW_2PC,252.960109,inf
4,1,SLOW_2PC,864.131893,1280.907026
4,1,SLOW_2PC,864.256640,1286.852442
4,1,SLOW_2PC,864.208110,1208.930034
4,0,SLOW_2PC,601.886427,inf
4,1,SLOW_2PC,864.275180,1145.690956
4,1,SLOW_2PC,863.879363,1174.837614
4,1,SLOW_2PC,864.075188,1312.244466
4,1,SLOW_2PC,864.109766,1380.323510
4,1,SLOW_2PC,864.477933,1300.340956
4,0,SLOW_2PC,252.962752,inf
4,1,SLOW_2PC,863.815940,1455.214070
4,1,SLOW_2PC,864.266843,1195.609324
4,1,SLOW_2PC,864.079279,1133.858670
4,1,SLOW_2PC,863.712649,1346.002751
4,1,SLOW_2PC,864.230943,1350.626611
4,1,SLOW_2PC,863.954383,1537.038050
4,1,SLOW_2PC,863.771273,1494.200053
4,1,SLOW_2PC,863.922517,1508.324635
4,0,SLOW_2PC,602.481176,inf
4,1,SLOW_2PC,863.389755,1500.844132
4,1,SLOW_2PC,863.622573,1492.527921
4,1,SLOW_2PC,863.923442,1509.841487
4,1,SLOW_2PC,864.196009,1163.837398
4,1,SLOW_2PC,864.059347,1370.712316
4,1,SLOW_2PC,863.924568,1444.154856
4,1,SLOW_2PC,864.060686,1442.978046
4,1,SLOW_2PC,864.256367,1466.926911
4,0,SLOW_2PC,602.528388,inf
4,1,SLOW_2PC,864.375786,1453.291206
4,1,SLOW_2PC,863.964713,1321.423371
4,1,SLOW_2PC,864.621773,1364.550415
4,1,SLOW_2PC,864.119195,1381.154616
4,0,SLOW_2PC,82.608185,inf
4,0,SLOW_2PC,602.214244,inf
4,1,SLOW_2PC,863.886523,1294.939472
4,1,SLOW_2PC,863.909589,1470.850630
4,1,SLOW_2PC,863.825842,1404.977062
4,1,SLOW_2PC,865.144658,1495.339477
4,1,SLOW_2PC,864.747274,1128.422679
4,1,SLOW_2PC,864.228053,1519.124078
4,1,SLOW_2PC,864.026367,1418.617774
4,1,SLOW_2PC,863.920141,1459.327805
4,1,SLOW_2PC,864.483956,1128.492334
4,1,SLOW_2PC,864.634685,1219.927042
4,1,SLOW_2PC,864.083856,1451.741606
4,1,SLOW_2PC,864.344725,1126.636317
4,1,SLOW_2PC,863.360114,1386.104546
4,1,SLOW_2PC,864.588142,1415.943039
4,1,SLOW_2PC,863.711744,1198.759728
4,1,SLOW_2PC,863.788216,1263.598030
4,1,SLOW_2PC,864.730118,1334.896172
4,1,SLOW_2PC,863.801783,1177.247093
4,1,SLOW_2PC,864.480073,1220.875526
4,1,SLOW_2PC,863.989415,1346.106306
4,1,SLOW_2PC,863.922798,1288.130420
4,1,SLOW_2PC,864.333409,1272.158499
4,1,SLOW_2PC,864.798053,1421.800315
4,1,SLOW_2PC,863.783434,1315.955527
4,1,SLOW_2PC,864.392035,1353.204947
4,1,SLOW_2PC,864.115075,1319.803612
4,1,SLOW_2PC,864.008732,1253.313314
4,1,SLOW_2PC,863.932683,1259.324896
4,1,SLOW_2PC,863.584118,1186.164142
4,1,SLOW_2PC,864.269560,1215.678714
4,1,SLOW_2PC,863.988991,1126.541021
4,1,SLOW_2PC,863.324216,1213.026496
4,1,SLOW_2PC,863.778498,1232.076799
4,1,SLOW_2PC,863.956024,1224.569017
4,1,SLOW_2PC,864.366339,1170.985532
4,1,SLOW_2PC,863.950093,1126.146710
4,1,SLOW_2PC,864.592499,1291.637779
4,1,SLOW_2PC,864.131118,1185.929301
4,1,SLOW_2PC,864.136703,1234.916748
4,1,SLOW_2PC,864.141057,1126.496266
4,1,SLOW_2PC,863.747395,1297.148991
4,1,SLOW_2PC,864.129088,1435.531270
4,1,SLOW_2PC,864.218711,1219.967709
4,1,SLOW_2PC,864.272708,1149.697146
4,1,SLOW_2PC,864.045313,1303.734626
4,1,SLOW_2PC,863.938035,1135.541351
4,1,SLOW_2PC,864.010480,1245.512076
4,1,SLOW_2PC,864.739589,1197.619938
4,1,SLOW_2PC,864.491911,1156.094772
4,1,SLOW_2PC,864.256525,1208.946022
4,1,SLOW_2PC,863.627614,1154.073183
4,1,SLOW_2PC,863.773777,1220.596089
4,1,SLOW_2PC,864.408803,1128.071688
4,1,SLOW_2PC,863.677808,1197.214542
4,1,SLOW_2PC,864.591205,1288.060433
4,1,SLOW_2PC,864.057637,1231.535903
4,1,SLOW_2PC,863.349445,1143.153134
4,1,SLOW_2PC,864.229640,1220.996713
4,1,SLOW_2PC,864.532957,1190.124669
4,1,SLOW_2PC,864.685975,1172.968150
4,1,SLOW_2PC,864.345671,1240.448086
4,1,SLOW_2PC,864.086536,1179.875075
4,0,SLOW_2PC,252.917806,inf
4,1,SLOW_2PC,864.281318,1145.780862
4,1,SLOW_2PC,863.893525,1381.919292
4,0,SLOW_2PC,82.873447,inf
4,1,SLOW_2PC,864.098569,1249.053742
4,1,SLOW_2PC,864.101231,1269.194117
4,1,SLOW_2PC,863.964584,1189.415411
4,1,SLOW_2PC,864.011278,1287.112400
4,1,SLOW_2PC,863.785393,1218.876314
4,0,SLOW_2PC,602.273850,inf
4,0,SLOW_2PC,252.677608,inf
4,1,SLOW_2PC,864.022452,1215.412963
4,1,SLOW_2PC,863.987879,1157.222998
4,1,SLOW_2PC,864.636318,1251.893024
4,1,SLOW_2PC,864.392752,1309.853469
4,1,SLOW_2PC,863.897162,1287.791249
4,1,SLOW_2PC,864.222038,1364.992440
4,1,SLOW_2PC,864.221153,1380.792079
4,1,SLOW_2PC,864.309058,1262.545324
4,1,SLOW_2PC,864.372922,1126.651176
4,1,SLOW_2PC,864.249273,1327.128398
4,1,SLOW_2PC,864.909346,1485.140205
4,1,SLOW_2PC,863.947766,1334.626795
4,1,SLOW_2PC,864.257691,1126.415874
4,1,SLOW_2PC,864.083885,1426.842500
4,1,SLOW_2PC,864.267341,1451.970552
4,1,SLOW_2PC,863.814347,1364.108779
4,1,SLOW_2PC,864.187865,1278.397804
4,1,SLOW_2PC,864.159892,1476.098679
4,1,SLOW_2PC,864.315372,1290.118919
4,0,SLOW_2PC,252.913960,inf
4,1,SLOW_2PC,864.888687,1419.805772
4,1,SLOW_2PC,864.503327,1126.868406
4,1,SLOW_2PC,863.815661,1413.680835
4,1,SLOW_2PC,864.544718,1395.437412
4,1,SLOW_2PC,863.851886,1304.989551
4,1,SLOW_2PC,863.622522,1366.255152
4,1,SLOW_2PC,863.895703,1378.844628
4,1,SLOW_2PC,864.966463,1393.167465
4,1,SLOW_2PC,864.307211,1359.999936
4,1,SLOW_2PC,863.756167,1290.146480
4,1,SLOW_2PC,863.933888,1230.417749
4,1,SLOW_2PC,863.903929,1309.088069
4,1,SLOW_2PC,864.718125,1402.636774
4,1,SLOW_2PC,864.776925,1487.514293
4,1,SLOW_2PC,864.613770,1126.954734
4,1,SLOW_2PC,863.956315,1449.586889
4,1,SLOW_2PC,864.471763,1350.337071
4,1,SLOW_2PC,864.204919,1383.531213
4,1,SLOW_2PC,864.001250,1271.985957
4,1,SLOW_2PC,864.757256,1331.498918
4,1,SLOW_2PC,864.579151,1278.218049
4,1,SLOW_2PC,864.265676,1445.935683
4,1,SLOW_2PC,863.888371,1368.540549
4,1,SLOW_2PC,864.531848,1326.476735
4,1,SLOW_2PC,864.923933,1230.018472
4,1,SLOW_2PC,864.853122,1231.662606
4,1,SLOW_2PC,864.172366,1184.890058
4,1,SLOW_2PC,864.104436,1289.078261
4,1,SLOW_2PC,864.764226,1405.998801
4,1,SLOW_2PC,863.360512,1339.131377
4,1,SLOW_2PC,864.103464,1362.972878
4,1,SLOW_2PC,863.921686,1344.277912
4,0,SLOW_2PC,82.486687,inf
4,1,SLOW_2PC,864.983404,1331.700117
4,1,SLOW_2PC,864.203213,1265.173011
4,1,SLOW_2PC,865.096336,1328.539696
4,0,SLOW_2PC,83.041858,inf
4,1,SLOW_2PC,863.386361,1396.575310
4,1,SLOW_2PC,864.899103,1127.130928
4,1,SLOW_2PC,864.142954,1445.392227
4,1,SLOW_2PC,863.920317,1443.689971
4,1,SLOW_2PC,863.824898,1397.769138
4,1,SLOW_2PC,864.355841,1393.578835
4,1,SLOW_2PC,864.023437,1364.812524
4,1,SLOW_2PC,864.429543,1301.402817
4,1,SLOW_2PC,864.491788,1341.744132
4,1,SLOW_2PC,864.378590,1236.270382
4,1,SLOW_2PC,863.956371,1383.012802
4,1,SLOW_2PC,864.231049,1157.374195
4,1,SLOW_2PC,863.988658,1437.161689
4,1,SLOW_2PC,863.872895,1290.522751
4,1,SLOW_2PC,864.621563,1246.969813
4,1,SLOW_2PC,864.443308,1344.990885
4,1,SLOW_2PC,864.928013,1133.041008
4,1,SLOW_2PC,863.674819,1189.562181
4,1,SLOW_2PC,864.811675,1209.002490
4,1,SLOW_2PC,864.162162,1192.472355
4,1,SLOW_2PC,864.025262,1250.367905
4,1,SLOW_2PC,864.048216,1352.384983
4,1,SLOW_2PC,864.008572,1206.375505
4,1,SLOW_2PC,863.838987,1246.487742
4,1,SLOW_2PC,864.354890,1133.373788
4,1,SLOW_2PC,863.997180,1126.259686
4,1,SLOW_2PC,864.009151,1180.924889
4,1,SLOW_2PC,864.240662,1226.161133
4,1,SLOW_2PC,865.060906,1357.384461
4,1,SLOW_2PC,864.104699,1247.132532
4,1,SLOW_2PC,863.714384,1236.758277
4,1,SLOW_2PC,863.929291,1220.078189
4,0,SLOW_2PC,83.119281,inf
4,1,SLOW_2PC,864.698689,1317.981413
4,1,SLOW_2PC,864.141573,1243.005443
4,1,SLOW_2PC,863.930517,1126.254491
4,1,SLOW_2PC,864.180790,1178.997343
4,1,SLOW_2PC,864.838944,1334.922507
4,1,SLOW_2PC,864.104710,1126.499211
4,1,SLOW_2PC,864.442621,1302.977421
4,1,SLOW_2PC,864.045568,1259.950675
4,1,SLOW_2PC,864.227147,1191.281340
4,1,SLOW_2PC,864.018690,1141.320356
4,1,SLOW_2PC,863.934222,1201.132644
4,1,SLOW_2PC,863.693913,1234.814413
4,1,SLOW_2PC,864.577080,1260.054770
4,1,SLOW_2PC,863.915714,1158.385437
4,1,SLOW_2PC,864.053201,1230.925993
4,1,SLOW_2PC,864.713725,1171.240206
4,0,SLOW_2PC,82.690292,inf
4,0,SLOW_2PC,253.264277,inf
4,1,SLOW_2PC,864.222679,1316.238345
4,1,SLOW_2PC,864.633091,1274.873104
4,1,SLOW_2PC,863.997114,1222.340628
4,1,SLOW_2PC,863.944387,1223.705368
4,1,SLOW_2PC,864.509708,1289.157466
4,1,SLOW_2PC,863.993637,1241.392431
4,1,SLOW_2PC,864.605919,1241.184644
4,1,SLOW_2PC,863.860998,1126.372969
4,1,SLOW_2PC,863.887675,1169.922066
4,1,SLOW_2PC,864.399289,1351.690620
4,1,SLOW_2PC,864.420235,1349.254010
4,1,SLOW_2PC,864.406527,1277.659396
4,1,SLOW_2PC,864.698188,1205.014580
4,1,SLOW_2PC,864.335615,1257.165729
4,1,SLOW_2PC,864.429533,1229.346586
4,1,SLOW_2PC,864.380755,1281.843182
4,1,SLOW_2PC,864.097188,1170.233462
4,1,SLOW_2PC,864.275503,1201.597449
4,1,SLOW_2PC,864.908147,1221.299266
4,1,SLOW_2PC,864.581573,1361.607407
4,1,SLOW_2PC,864.130396,1398.717284
4,1,SLOW_2PC,863.921792,1172.300802
4,1,SLOW_2PC,864.045368,1189.424643
4,1,SLOW_2PC,864.136747,1176.639196
4,1,SLOW_2PC,864.048066,1212.653625
4,1,SLOW_2PC,864.030123,1130.724173
4,1,SLOW_2PC,863.943510,1208.673357
4,1,SLOW_2PC,863.759755,1564.692835
4,1,SLOW_2PC,864.377738,1269.064091
4,1,SLOW_2PC,864.525633,1340.706695
4,1,SLOW_2PC,864.215683,1268.862613
4,1,SLOW_2PC,863.774262,1346.270427
4,1,SLOW_2PC,864.450696,1424.982727
4,1,SLOW_2PC,864.772766,1127.441300
4,1,SLOW_2PC,863.851505,1342.721614
4,1,SLOW_2PC,864.520870,1335.962934
4,1,SLOW_2PC,863.846421,1253.034908
4,1,SLOW_2PC,864.079301,1274.993189
4,1,SLOW_2PC,864.481365,1299.121848
4,1,SLOW_2PC,864.023325,1283.928846
4,1,SLOW_2PC,864.921837,1278.913586
4,1,SLOW_2PC,864.264463,1420.039509
4,1,SLOW_2PC,864.345692,1346.739113
4,1,SLOW_2PC,864.493340,1272.758453
4,1,SLOW_2PC,863.855599,1275.611001
4,1,SLOW_2PC,864.142161,1277.977587
4,1,SLOW_2PC,864.273851,1190.243084
4,1,SLOW_2PC,863.681609,1126.260222
4,1,SLOW_2PC,864.535634,1203.523928
4,1,SLOW_2PC,864.301975,1246.965219
4,1,SLOW_2PC,864.433980,1265.483336
4,1,SLOW_2PC,863.899892,1257.476081
4,1,SLOW_2PC,863.964569,1281.130993
4,1,SLOW_2PC,864.012788,1217.462523
4,1,SLOW_2PC,864.135988,1235.091674
4,1,SLOW_2PC,864.046893,1310.587136
4,1,SLOW_2PC,864.442797,1225.507796
4,1,SLOW_2PC,864.901873,1201.362385
4,1,SLOW_2PC,864.358571,1175.941774
4,1,SLOW_2PC,864.144615,1126.367989
4,1,SLOW_2PC,863.608964,1347.696510
4,1,SLOW_2PC,864.356514,1272.381267
4,1,SLOW_2PC,863.869263,1187.638897
4,1,SLOW_2PC,864.002642,1297.257162
4,1,SLOW_2PC,863.979184,1234.892441
4,1,SLOW_2PC,864.000659,1131.587772
4,1,SLOW_2PC,864.185074,1221.226114
4,1,SLOW_2PC,863.959384,1197.200068
4,1,SLOW_2PC,864.482722,1295.865425
4,1,SLOW_2PC,863.952027,1188.016905
4,0,SLOW_2PC,82.913654,inf
4,0,SLOW_2PC,82.792992,inf
4,1,SLOW_2PC,864.086296,1217.874892
4,1,SLOW_2PC,864.040789,1126.204832
4,1,SLOW_2PC,864.457247,1235.557723
4,1,SLOW_2PC,863.826416,1543.053669
4,1,SLOW_2PC,864.547523,1178.322836
4,0,SLOW_2PC,253.190194,inf
4,1,SLOW_2PC,864.107361,1263.781454
4,1,SLOW_2PC,864.692721,1309.835957
4,1,SLOW_2PC,864.083714,1301.865764
4,1,SLOW_2PC,864.921606,1436.471200
4,1,SLOW_2PC,864.200654,1360.176089
4,1,SLOW_2PC,864.365177,1289.422055
4,1,SLOW_2PC,863.708289,1267.226377
4,1,SLOW_2PC,863.990152,1279.102816
4,1,SLOW_2PC,864.387987,1300.987935
4,1,SLOW_2PC,864.307893,1370.827869
4,1,SLOW_2PC,863.969869,1295.505253
4,1,SLOW_2PC,863.931522,1210.970165
4,1,SLOW_2PC,864.236245,1232.557370
4,1,SLOW_2PC,863.866417,1140.344006
4,1,SLOW_2PC,863.882229,1164.232852
4,1,SLOW_2PC,864.497793,1257.146158
4,1,SLOW_2PC,864.324048,1126.989463
4,1,SLOW_2PC,864.077676,1321.672657
4,1,SLOW_2PC,864.758562,1328.346866
4,1,SLOW_2PC,864.428346,1259.578487
4,1,SLOW_2PC,863.859894,1190.625577
4,1,SLOW_2PC,864.127592,1329.292507
4,1,SLOW_2PC,864.323241,1259.528784
4,1,SLOW_2PC,864.230837,1378.943560
4,1,SLOW_2PC,865.095668,1267.483111
4,1,SLOW_2PC,864.109224,1255.645765
4,1,SLOW_2PC,863.685573,1204.920950
4,1,SLOW_2PC,864.012170,1146.263311
4,1,SLOW_2PC,864.295520,1221.002538
4,1,SLOW_2PC,864.289312,1258.311863
4,1,SLOW_2PC,864.432127,1439.503400
4,0,SLOW_2PC,601.966882,inf
4,1,SLOW_2PC,864.282605,1486.036092
4,1,SLOW_2PC,864.564406,1562.079132
4,1,SLOW_2PC,863.982264,1216.196194
4,1,SLOW_2PC,863.824490,1228.960232
4,1,SLOW_2PC,864.644258,1383.994113
4,1,SLOW_2PC,864.153795,1126.685597
4,1,SLOW_2PC,865.178755,1160.250303
4,1,SLOW_2PC,864.029889,1406.524961
4,1,SLOW_2PC,864.120239,1324.402023
4,1,SLOW_2PC,864.087960,1526.661036
4,1,SLOW_2PC,864.396626,1539.204419
